Low Price,Number of Trades,BB_Lower_24h,BB_Width_24h,MACD_Signal,Volume_MA24,Volatility_24h
91415.79,329282.0,89183.80522234022,0.0287516346541977,-60.010246785492754,2615.737155,0.33999977713844415
91555.54,214675.0,89129.53552847792,0.0306547152852032,0.6894202544291304,2147.4518766666665,0.331500162883741
91640.0,239853.0,89100.50101262725,0.0316987401101455,58.098457274525664,1885.2804925,0.32788200210515955
91680.0,185757.0,89062.7686338423,0.0331485902273555,111.24153517396198,1728.0617699999998,0.3240336520753983
90051.1,453341.0,89041.44538990359,0.0337920870734404,134.83087840663802,1953.3451616666669,0.4314714532259872
90100.5,263667.0,89033.05825944035,0.0333682344375327,142.2135827649694,1920.7187485714287,0.4264734614711994
89376.9,383233.0,88934.96035165899,0.0350059541907355,122.5349960157185,2005.72191125,0.45839473087644916
89436.29,451637.0,88934.78028261306,0.0346949227955956,99.50296754483158,2121.723038888889,0.4885307045471781
90904.25,377081.0,88878.51068809848,0.0390807066618115,135.54863138652107,2527.743630833333,0.6746944839120967
89667.66,383991.0,88960.29059115447,0.0385940676676835,125.32663018931916,2467.7742992857143,0.7124838448983009
90412.0,457774.0,89070.86652745026,0.0374852911198993,125.93106886928952,2539.9310140000002,0.7273615380988672
91144.08,226527.0,89294.70579292538,0.0346138487471605,128.9526154258842,2484.279116875,0.7183849712612271
91001.0,103431.0,89457.28943944149,0.0325506370968565,130.98974370292453,2388.0721376470588,0.7158787142773351
90224.02,223315.0,89537.8578283244,0.031575665280826,121.09265267295092,2341.4228566666666,0.7314779085213263
90357.0,176262.0,89649.36207714891,0.0299349590318096,113.19362462095602,2278.825042631579,0.7410449616331978
90616.0,136859.0,89646.8321214141,0.0300685995473232,101.4591352345312,2199.5180275,0.7246266469169753
90702.73,115961.0,89692.4493020434,0.0295744979603796,96.02860540066374,2137.4203904761903,0.7305957651017447
91163.9,110512.0,89724.94673717122,0.0294936893036876,97.67833188071596,2078.2217063636363,0.7307508082940846
91248.01,141302.0,89785.24879334772,0.0291331969084638,105.05215738163562,2031.583671304348,0.728462928997512
91238.09,108267.0,89821.88175107361,0.0293691003318141,120.95584518873274,1987.2679254166667,0.7308220311196068
91598.5,120901.0,89828.32376896708,0.0291096767037635,142.40652209998325,1908.1654862500002,0.6617069293871896
91600.0,105126.0,89830.46122410317,0.0290799017062649,160.4747486695411,1849.30033,0.6616491467532786
91400.03,109748.0,89831.57787995384,0.0289776699956312,177.67834206819217,1830.7653333333335,0.6622660997047178
91200.0,191570.0,89832.0032104489,0.0289810227457291,191.65138250448427,1847.9049783333332,0.6621775256968041
91485.04,193823.0,89832.62998771187,0.0289326094074513,203.3299423090083,1834.6302675,0.6621681834638695
91524.0,125489.0,89929.49523859817,0.0281019395186668,210.9192280587201,1734.3982462499998,0.5778361907158098
91652.01,242372.0,89952.84689307478,0.0291070226628382,228.08519035458505,1787.7092495833333,0.5977333745400157
90975.8,535025.0,90385.78346343292,0.0227456664176483,229.2200494976217,1882.4058383333333,0.6171845004229424
92147.12,240807.0,90334.44827799148,0.0247859211818023,254.1177992689216,1705.4670304166666,0.429818163055211
92339.26,348956.0,90263.63395424756,0.0273880356757215,277.68937379224144,1745.9736641666668,0.43206805477942806
92711.5,466387.0,90239.41807188606,0.0306005784138256,316.8508010452712,1830.0462558333331,0.3714167494151031
93060.0,325061.0,90291.42824474744,0.0319636911562865,356.3351590625299,1836.2997587499997,0.38506419573216893
92165.05,343405.0,90314.51837047994,0.0326177824061386,380.8571024170016,1790.1968574999999,0.3878857050758389
91800.0,283669.0,90363.59389928816,0.0324775992066795,389.6803886048962,1804.9861166666667,0.3895447788628495
91320.0,283669.0,90421.41858651822,0.0319646950428511,381.4001837574948,1836.3962666666666,0.3963111365750471
91585.3,155412.0,90616.36942351804,0.029240211098803,369.6961259027482,1819.1686174999998,0.3779089546374273
92000.0,132271.0,90714.05673042922,0.0281087798423228,351.3635498206217,1803.0377479166666,0.36915329573286243
91580.0,158635.0,90948.0756091054,0.024709962234845,298.2103409336976,1819.8061366666668,0.35348914708464946
91500.0,163185.0,91006.479963703,0.0239165614054714,270.01876449771646,1840.8751954166667,0.3557706514348747
91850.0,120039.0,91058.0115955177,0.0233133170486064,244.96276467223407,1830.7241804166667,0.35563891740046566
91958.56,111485.0,91079.6905604433,0.0233139245255449,228.7578846170082,1821.76295625,0.35681766019337485
92352.59,111963.0,91096.97323170165,0.0233465194077926,216.3145368545993,1813.62072125,0.3578888718273982
92300.0,188554.0,91141.73617260523,0.0233665368031472,214.00523773539467,1823.5157729166667,0.3606688534329419
92720.0,180686.0,91150.90896053935,0.0243508270270528,223.25904293274047,1869.1837025000002,0.36446562704098123
92970.0,191097.0,91192.62062490908,0.0247390906135797,237.17114357072668,1893.6807925,0.3646535588723841
93009.98,166673.0,91226.03249603976,0.0253402088861546,255.58082093334025,1904.4939095833333,0.3653272699942585
92808.0,261786.0,91274.02403617918,0.0258727924290013,278.0722765272915,1927.0908658333335,0.3643964537434386
93314.49,362121.0,91247.83505527652,0.0273593574828026,302.54256575868953,1873.0415508333335,0.33382430246252764
93531.94,539038.0,91313.90885558656,0.0285737885461175,339.8569120435744,1860.9968763333334,0.24970971607489117
93828.0,730860.0,91265.8318131281,0.0319848978262268,386.3923154523621,1864.1560755,0.22984362467962544
94050.0,641417.0,91183.56558629451,0.0357488554627745,437.18299889584046,1880.3790413333334,0.21533103320035518
93316.0,688413.0,91189.01533129335,0.037219967506804,475.9418721773624,1985.37696925,0.25229880456789805
93594.31,560989.0,91190.9335116796,0.0381741396293848,501.9423095564567,1923.5878667499999,0.25059254681559995
93138.0,658957.0,91190.11649852598,0.0383199230350403,513.7321435339753,1882.8835359166667,0.21631607609293396
93240.12,355608.0,91178.88321570796,0.0391146212969937,519.8676999947979,1851.6427746666668,0.209555722217721
93801.45,400606.0,91204.18377591422,0.0400685199796696,525.2921867902402,1839.7641542500003,0.16418747198067535
93900.01,261751.0,91267.32463271068,0.0406059278029467,530.2879794749953,1807.8652738333333,0.15497643034109365
93933.62,107494.0,91413.64848989205,0.0396524661359338,530.2679953126543,1773.7432763333334,0.14462398490889578
93770.07,121668.0,91500.03088417515,0.0395133806095974,527.9070949280205,1758.4666130000003,0.1316571998981807
94194.62,190806.0,91621.00157903356,0.0391275782390637,529.7490245212504,1800.0886075833332,0.1290866202288829
94596.0,165705.0,91782.01493644316,0.0381285922589113,532.8076489036467,1799.813743,0.12755399338377016
94040.0,253311.0,92037.44949757024,0.0351822284843487,530.4939999124182,1838.4789763333335,0.13140403601614187
94400.0,353975.0,92141.08413350533,0.0357758158474927,545.9655925146683,1976.9180094583332,0.2404164293864413
96800.01,375581.0,91990.62132095009,0.0512219221234322,734.2435375250614,2371.5909614999996,0.3837646000429273
96912.0,253716.0,92073.72236715008,0.0530481148040006,794.8158384087734,2382.8765623333334,0.3828181094832073
96723.96,224409.0,92130.2148772498,0.055131202339791,849.1320908266649,2369.6669564999997,0.3811406252782273
97024.0,278432.0,92193.1785999778,0.057408762377362,902.8054504250938,2368.9630510833335,0.3822446541096774
97272.18,255782.0,92267.75800373324,0.0596159979186292,953.482187239386,2429.53075275,0.38235695822052135
97729.77,466606.0,92344.73636961558,0.0617561661477979,1000.9448194391896,2542.5495685833334,0.38238286597788046
97300.0,591351.0,92507.48520405986,0.0620703751632779,1031.1404792651606,2600.8730519166666,0.41224046568513245
97019.94,453588.0,92577.2627875175,0.0631898172505281,1049.6768842579313,2580.5110743333335,0.38860276532891064
96521.73,674067.0,92661.39930894412,0.0638355109152635,1050.056345026834,2611.3260676666664,0.40298133098170213
96276.69,553302.0,92932.37010777628,0.0625043704055446,1005.2984901322344,2690.135487666667,0.3890369032186349
96927.42,340742.0,93120.93846508754,0.0615959159372233,989.4620095907828,2695.1140222500003,0.4097755953981533
97668.0,394075.0,93377.6720982336,0.0601234164526384,981.9027954952865,2706.1973930833333,0.4019660735544958
97721.96,489890.0,93646.65179689517,0.0581634770588514,970.5075640809048,2809.0599344583334,0.4178583852836674
97608.18,340860.0,93893.10495016655,0.056235572833818,959.693501887622,2811.520789875,0.4179119198620043
97533.18,260464.0,94167.69339289726,0.0537818346762656,945.3200812085512,2843.379409875,0.4216171382495521
97850.0,131133.0,94515.78787247096,0.050049235312451,933.412404143879,2859.1969327916663,0.41748941009237056
98305.34,166166.0,94900.48918572137,0.0456595958251278,920.9266841442864,2884.515019875,0.4193401779959037
97841.57,204011.0,95258.47054851628,0.0412942230288404,901.3764241304297,2871.2319269583336,0.4258050373580126
97840.0,173365.0,95686.95008639184,0.0353884316108524,877.8688787656159,2879.8371827916667,0.4249688368555417
98039.55,210033.0,96329.80822659012,0.0257190617849999,859.6617805645848,2877.2092477916667,0.4215155622937404
98422.33,294625.0,96602.13195514916,0.0227132630458895,847.2666583136431,2809.2407447916667,0.3479174239475546
98666.67,198195.0,96578.00648915816,0.0242591147565506,836.6062016803261,2611.331335833333,0.19100619681973163
98517.21,153828.0,96588.61845388662,0.0252798721606515,825.5854882851446,2519.4487656666665,0.18604402959128186
98875.82,297961.0,96711.69732407224,0.0262778372880663,809.6793702756115,2534.7691523333337,0.1750173739086019
98750.0,249734.0,96802.31568467214,0.0259791506734133,797.3667511862066,2552.360984,0.18671803761500477
98358.0,254900.0,96840.76554722992,0.0261492226318289,778.5428953717891,2545.466504,0.17528451102931925
98256.41,240327.0,96873.15616639238,0.0261165243958186,750.0320097886665,2496.8982856666667,0.18202518272290236
98219.84,226368.0,96882.2110923128,0.0265637897016384,722.7392328601982,2378.179444,0.19207248294392948
98492.0,225230.0,96979.0495263131,0.0257682094413162,692.0153323226652,2290.3575685833334,0.165020032702343
97344.9,643936.0,97010.057333425,0.025574287031239,645.4933130103159,2307.6949581666668,0.2138340172952456
97122.11,692038.0,97058.15822139475,0.0249252390356283,582.5775625711274,2257.6166473333333,0.2136680579657924
97155.68,669807.0,97332.66973888988,0.0206975494832994,533.1825155795717,2145.4217994166665,0.30196400953981256
98220.0,455130.0,97517.86920831508,0.0183564228302195,496.8477466810651,2098.2251010833334,0.2943447741467147
98753.66,368168.0,97551.4291210913,0.0183241648950304,468.4592305770287,2091.865608583333,0.2557375833461149
98924.01,362364.0,97648.31736955658,0.0189289337210027,430.7047746407056,1983.7010092916669,0.2410271206997815
98711.37,194166.0,97700.28536961463,0.0189515904010425,427.3018870168056,1947.0483359583332,0.2390621234305571
98535.0,133935.0,97719.07087908816,0.0189239334575082,415.3672831107545,1948.1225355416666,0.25762308304938
98576.85,95378.0,97749.1735376197,0.0187489256774455,401.98642650757705,1924.5545517916664,0.26075132919038957
98550.02,129967.0,97821.29114480191,0.0178823829687729,383.3822850808235,1906.9983805416668,0.25815821954026075
98313.48,153642.0,97879.57222755913,0.0171379590041089,360.8895502438178,1909.4296767916667,0.258161668678726
98300.0,136210.0,97869.48385627376,0.0172480408481028,334.6175793115142,1876.0643830416666,0.24327260056082517
98404.02,116748.0,97863.61872865749,0.0171914778923654,309.51314758359786,1773.9645141666667,0.24243927177312158
98284.61,197072.0,97853.51947857592,0.0172252826716633,284.3067262565099,1773.8218425000002,0.2427734679564016
98399.83,149114.0,97852.52839396264,0.017183904286592,262.5657495436556,1746.8676166666664,0.24467452791768562
98583.72,88565.0,97849.60551250292,0.0170061021403209,242.8161665259936,1722.9836329166667,0.24216250998949795
98408.57,101268.0,97847.65738402282,0.0165531858267017,222.41862341501945,1637.6109758333332,0.2410696174025045
98369.0,160392.0,97830.86937135854,0.0166045882532402,200.44033008746425,1605.4809883333335,0.23506127082962552
98359.17,115404.0,97816.85975622796,0.0166755899357654,178.12012019441067,1556.4946370833334,0.23447261483657905
98300.0,126047.0,97817.6216573908,0.0166742119312981,155.7032211887281,1532.45375,0.22942797199622117
98374.25,70017.0,97801.17943792888,0.0166318242113906,134.3880337499235,1507.8611016666666,0.21590121252467032
98415.0,105051.0,97800.2082295228,0.0166042186906133,117.26692484840636,1499.484306666667,0.21434820223211432
98532.08,128986.0,97912.35525936596,0.0149890893192835,102.3411439870958,1374.3824775,0.16628509536413227
98465.04,271567.0,98235.46136457437,0.0096348929819284,92.72749310158083,1283.5094779166668,0.14967132886502688
98400.0,231434.0,98208.66116251716,0.0099897544881339,81.2417789012128,1210.9758645833333,0.0
97533.0,454053.0,98026.2583448609,0.0128077102904347,57.972730766084254,1280.0213712500001,0.04088447704763554
97336.06,270025.0,97924.3691444374,0.0140970777095727,31.468078173479515,1281.7298587500002,0.046261743598021265
97362.0,127911.0,97690.53092116443,0.0165197307222038,-29.845633004136687,1125.3812004166668,0.041811193992906615
97136.0,213753.0,97620.14766062568,0.0166810828523066,-61.085056139179095,1093.7580245833335,0.046510449034913526
97544.06,117721.0,97623.91843538402,0.0154456483743346,-85.22680159481908,1074.0094320833334,0.05356378172794063
97508.83,93948.0,97533.57644789328,0.016499062150429,-108.73794121818918,1045.1785904166666,0.027011391540652074
97402.87,125198.0,97474.87727746302,0.0166536429780295,-129.72878282120377,1031.5768195833334,0.017674169141874918
97620.74,143195.0,97445.64439743596,0.01659987239649,-143.80156152897175,1028.9284608333335,0.021615736682513154
97919.5,140167.0,97440.13680887032,0.016321659641572,-148.27834532392325,1024.1256595833336,0.030151320321737674
98182.4,126753.0,97440.09448098416,0.016209306567971,-142.8452419994826,1031.3632066666667,0.034077957267562464
98105.01,108033.0,97440.9608615772,0.0158271812029274,-134.2003259722025,1034.54629375,0.033507531404677104
97872.2,122616.0,97438.37048588863,0.0155395026087038,-124.18245096913756,1006.8791762500001,0.032995089031526925
97915.0,124751.0,97452.9204610303,0.0148121563060463,-112.0268094834768,1012.4762120833334,0.030362285170686232
98028.17,137435.0,97467.91516738349,0.0141964404361955,-97.38822135843614,1035.9115441666668,0.03158355812721325
98168.62,103401.0,97472.8884171061,0.0139752547506212,-80.60553973980971,1043.8366883333335,0.03028153233435127
97945.0,109281.0,97466.93158541148,0.0138220107613741,-68.97128074625887,1032.4814554166667,0.04176960718160355
97816.23,124787.0,97453.02254518624,0.0136884136178025,-63.11113661994356,1030.8350929166666,0.04300168242745506
97435.89,148001.0,97409.59108046934,0.0139841533139239,-65.3031720190452,1029.1076783333333,0.04868599304346921
96403.78,512340.0,97139.93186180832,0.0172109540608137,-103.74021732008292,1161.7959754166668,0.06488510910107953
96726.0,326307.0,97066.0859480765,0.0175453564987084,-129.98478642778673,1195.3183187500001,0.07784928354482284
96577.52,417886.0,96995.97818793304,0.017551465200184,-158.1266616302044,1226.3207483333333,0.07257831608596982
95900.01,443321.0,96620.00609622548,0.0234277278242619,-203.62568642751927,1280.2450241666668,0.1543808791760053
95734.77,345966.0,96444.44835366566,0.0258198047729902,-249.1376636620546,1209.5325666666668,0.15301161174613603
95747.57,275314.0,96175.55937109856,0.0298261663164985,-299.69998569471886,1193.9682395833333,0.16177757353884303
95832.36,161306.0,96063.29617617004,0.0308315676750747,-339.96738220496934,1195.31080125,0.19579831430730915
96120.92,146193.0,95934.55894894112,0.0325499700766717,-374.367104594182,1204.2485795833334,0.1924476145621582
96195.47,132981.0,95877.73683967227,0.0327985880102518,-394.3521008230899,1190.5745058333334,0.20829250981271574
96591.17,100363.0,95839.04408993204,0.0326974520944126,-400.98813589377454,1196.2341833333332,0.20497827717358785
96974.89,177370.0,95839.59620689791,0.0326570875453236,-381.6406239307718,1238.00789125,0.2631256064647328
97531.0,261366.0,95841.00042264162,0.032855510798396,-347.7461643141019,1300.0407658333334,0.2637903801246138
97518.28,239904.0,95840.3780749457,0.032755691902029,-308.6818717677718,1303.3220225,0.2623815418529227
96888.0,408353.0,95827.73640854558,0.0323496107110236,-275.8430898793167,1308.8400529166665,0.27082080882212073
97202.53,210194.0,95840.39181574434,0.0311606661047947,-245.3921469070316,1293.5086770833334,0.26976012347957606
97339.16,171885.0,95851.13148398802,0.0305160400198023,-209.0162928085961,1293.7358483333335,0.2850927620831773
97491.66,188029.0,95862.66093035007,0.0299964959710274,-171.93360746631845,1315.5358104166667,0.2854647410652586
97776.39,188111.0,95872.70308730064,0.0295508530478931,-131.4498043197059,1344.0666275,0.28939918645641854
98037.0,191929.0,95890.30404596738,0.0289564208744722,-90.6541613368816,1351.8627995833333,0.2888406511179575
97735.29,190111.0,95917.15127829523,0.0280931463999213,-52.161719886384375,1362.3760774999998,0.28850409729687515
97416.04890738813,291392.0,95908.14123461732,0.0283551543754793,-14.292719700538315,1370.3728720833333,0.28336861024618015
98205.0,310724.0,95872.46125518698,0.0294712856258226,25.62343573920589,1426.32451875,0.2857600227576676
98203.41,200361.0,95851.310465326,0.0305049162862025,61.901830914488535,1444.2549266666665,0.28329281152643665
98031.11,188966.0,95852.82837967743,0.0312854550279819,91.7632711207174,1428.57647625,0.27517874746487375
97850.0,220628.0,95895.537156813,0.0313562378587744,111.23184748112574,1334.5653566666667,0.27131862789820865
97222.22,392848.0,95908.68502121951,0.0314419572745968,116.02476193527424,1349.6455404166666,0.278096705818661
95340.0,691411.0,95638.91986741392,0.0363481500016987,77.87354232993113,1450.6188562500001,0.4689261149273662
95686.43,473616.0,95579.48077998847,0.037046651514128,-37.23637733948486,1643.28637875,0.4267041184971822
94850.0,511218.0,95444.5316744598,0.0395610795122034,-111.5158909787965,1700.1031708333337,0.43518472295963156
94856.67,397591.0,95213.6303412615,0.0432316647375127,-191.11108846947573,1746.3350783333335,0.4155486967245881
94400.0,398901.0,94923.8470000062,0.0481156317043355,-276.9366732612837,1827.8864587500002,0.42193990368687845
94498.35,332170.0,94678.07407224111,0.0515054343181632,-356.96752616554465,1878.05154375,0.4131431708494054
93564.0,385113.0,94195.59709694398,0.0595936559518771,-447.6317730024791,1969.3844545833335,0.4632555774641241
92600.19,470520.0,93897.0382460994,0.0623303705272342,-528.7107067482086,2079.46799125,0.4351712026011986
92820.0,376120.0,93357.27098672208,0.0704902500267359,-620.5745355754641,2118.64379,0.49772990322872296
92727.9,403293.0,93045.50723193932,0.0730704793563417,-699.7818938587136,2184.8249170833333,0.5382368236870088
93819.87,262725.0,92903.0159949124,0.0732257629165735,-749.025421865094,2189.0528208333335,0.5824705311113569
94408.76,176685.0,92742.10771288956,0.0743866494194526,-779.4940441343779,2203.41479375,0.5809945836861796
94234.59,158268.0,92597.82112594588,0.0745090484005361,-796.799107579665,2218.951987916667,0.5661148665168416
94048.49,179449.0,92454.11164178002,0.0745944670602356,-805.5949191880949,2215.8282258333334,0.566052323308879
94188.23,163308.0,92387.55424394712,0.0727100264894497,-801.3604793063434,2195.6624583333332,0.5682083295596394
94450.0,204243.0,92332.4569219474,0.070829927432226,-789.7795151583219,2176.8243354166666,0.5674821830364711
93500.08,444689.0,92224.87014709444,0.0698739680683884,-783.7325418639105,2197.7565925,0.5780258870951922
92326.31,566789.0,92087.71856964064,0.0687607568451978,-789.9413300023198,2336.7570841666666,0.5811069489661169
93064.0,473122.0,92100.26162383858,0.0637838536162023,-795.6947356605939,2343.2068187500004,0.5855625185500299
92272.72,560122.0,91975.68239462737,0.061898033782373,-818.0593247995782,2402.6537370833335,0.6192912136624515
91784.86,609826.0,91901.3673513966,0.0531619808152588,-880.5579821674817,2642.35433375,0.6213538659467119
91914.61,485462.0,91898.5713587603,0.048428539216501,-912.425736576192,2672.6861974999997,0.6219303342825147
91739.7,670185.0,91849.31711751156,0.0470244517369164,-922.061281192504,2664.756665833333,0.556257583272715
92316.71,645334.0,91823.46606883527,0.0449531624053681,-922.512810993368,2499.0418604166666,0.5417693068606
92692.0,507188.0,91917.66692096136,0.0406995482663665,-895.674284792723,2535.1395687500003,0.6071948048500293
93425.16,363028.0,91937.26351149072,0.0389844878229724,-858.7774712243463,2485.66790875,0.600846462459413
92000.0,525186.0,91792.80560899722,0.0399931612599919,-838.3360883447968,2503.16931375,0.6624347577729515
90791.1,649328.0,91260.78091633123,0.0458364021812637,-849.2629927642779,2620.6934333333334,0.6649961119218386
90850.45,391907.0,91082.5602124186,0.0475306154785191,-862.7594836020643,2576.9170366666667,0.6483782253467028
91543.86,244575.0,90954.76047167309,0.0479032089495949,-870.9080418218326,2477.4258999999997,0.6305545137274722
91588.0,204202.0,90860.77102158625,0.0489202246824866,-870.8351838573697,2410.780474166667,0.5709685789817982
91792.14,260031.0,90756.17096425367,0.0494897983792787,-864.0404138670658,2353.764284166667,0.5408812646525469
91824.34,278180.0,90798.29514182764,0.046257227278858,-838.4239994067977,2357.4100187500003,0.5260640955230962
92304.8,250574.0,90842.1304604307,0.0437450646003462,-797.4194169783007,2366.5807754166667,0.5274509304087389
92521.73,208049.0,90873.0200939183,0.0415572192094374,-752.7711189660158,2382.02714375,0.530574722623415
92500.0,203290.0,90905.64911575551,0.0392934394371948,-706.7829188449607,2403.692821666667,0.5304353183720028
92361.66,148553.0,91013.01793987908,0.0352051849939993,-657.5637275080104,2401.5276308333337,0.5268402993943095
92768.01,180847.0,91133.31735736255,0.0312280030600676,-602.6121261172075,2424.5825495833333,0.5319225495040336
93024.0,157950.0,91149.64202212692,0.0305348042157065,-537.1348539368009,2386.95405875,0.5266545124798276
93236.01,141301.0,91138.11620903836,0.0310940751001698,-469.8842095377535,2251.3107270833334,0.5111826616594666
93109.12,188700.0,91144.95932867934,0.0308538367688717,-404.45048423047297,2195.1313379166663,0.5056213419426556
93353.82,210265.0,91130.18579122452,0.0323577744747609,-335.99733544301614,2130.7006091666667,0.44892135708156916
93316.87,207140.0,91151.0117958375,0.0329712542988051,-275.70738581138824,1986.9988925,0.4600598722638974
92847.84,250007.0,91190.2637956598,0.0332756264681286,-220.96009423917943,1909.76495875,0.45772197252532826
93416.0,309505.0,91184.5244311639,0.0349799089543434,-159.86383076557436,1868.1419195833334,0.47790376108899585
94106.74,459927.0,91071.79300817852,0.0385175152615126,-88.54195579622441,1807.9901875000003,0.4410403981690489
94316.0,610184.0,90900.69732335296,0.0441994475626811,-2.819210187943341,1849.060091666667,0.44461524096349453
95184.79,611204.0,90744.48419332258,0.0488483855562803,89.56722883777965,1864.4297254166665,0.3853083881814832
95300.9,372712.0,90539.7422329046,0.0551567387025759,189.9865119965344,1878.8732475,0.37955697419965134
96004.0,369767.0,90502.6686122015,0.0594689303166826,287.70560623662175,1869.978335,0.2490325868407276
95893.13,313939.0,90515.6204484363,0.0631517752064118,386.06644013165567,1803.1149374999998,0.2300207663245723
96312.01,399359.0,90719.10257018212,0.0637332565628127,476.47612368001023,1731.1602479166668,0.18648795078565672
96052.39,203525.0,90885.96227220003,0.064363005357481,552.6483253124015,1717.0031524999997,0.18290093358171572
96035.0,132920.0,91095.22991105172,0.0638286569258918,611.1278853727207,1695.125335,0.1937667347173575
95731.72,180761.0,91327.87920452686,0.0624860970079759,651.1182050932525,1714.7261391666664,0.20221242930819988
96084.0,186255.0,91726.44392078526,0.0609792471562953,712.2446460597243,1708.4500779166665,0.1994777260844584
95624.01,173166.0,91904.20758628876,0.0600303284617706,718.8681511552893,1718.3391404166669,0.23083159572662637
94822.54,291902.0,92162.69803323952,0.0572757186820634,708.1476727762374,1744.7312470833333,0.22370617988958413
95338.08,162099.0,92456.00723002064,0.0537496362469342,689.8325684699398,1736.17394875,0.22357348383825948
95350.22,125169.0,92743.15309133416,0.0502370494997054,661.3701426834905,1749.874394166667,0.23427452388271885
95063.15,151439.0,93002.60200922984,0.0468878430446275,627.1008388192379,1750.2461,0.23212212287891104
95218.01,148230.0,93181.0925575352,0.0447189586153432,586.6966783821374,1752.0115304166666,0.22366264447728867
95090.0,151378.0,93414.48592881704,0.0415215498290708,545.7226340798255,1740.90756375,0.22020633383294874
94640.0,227374.0,93817.26662429396,0.0356338368791759,446.205698942384,1769.1696058333334,0.23072277958578324
94760.84,261315.0,94157.66550151508,0.0301367653787819,402.2258407311605,1783.5954474999999,0.2245897953820492
95204.0,225820.0,94533.52421752062,0.0239855070842972,364.8158328301888,1765.5213895833333,0.22462877365029615
95025.13,325394.0,94757.41899513334,0.0205100968771521,336.2787666596137,1741.6699154166665,0.19370864195841841
95359.18,460994.0,94841.42792310816,0.0192946605924329,308.6845215286344,1705.0045504166667,0.1839397653032796
94900.0,402777.0,94773.09904627592,0.0203265450096506,276.53861577628163,1603.5824929166665,0.1560597238760551
94817.0,284580.0,94695.71606786514,0.0213343620323502,242.03403320489545,1490.8323016666666,0.15420070763965604
94821.77,208544.0,94610.21748457878,0.0219462939312204,205.59008935876264,1447.10081875,0.12689609542972835
94854.16,149334.0,94585.12822449718,0.0216495505432542,176.16744754919958,1389.9712516666666,0.14387596305503997
94698.0,120740.0,94564.92598502206,0.0193959467341252,120.99977467074442,1278.3571908333333,0.12503386658892385
94809.52,129308.0,94564.91701868194,0.0183156622410732,96.8982011062671,1254.86836875,0.13232154979418742
95008.22,144467.0,94580.99730559396,0.0175290539655563,85.43908578625265,1241.4763512499999,0.15577645257977768
95530.24,168932.0,94586.75735763152,0.0172191124982839,82.1853871814528,1200.6059820833332,0.15361326885801774
95364.99,164468.0,94691.97416051384,0.0141062050977243,81.37806869611084,1167.8259683333333,0.11559200121090629
95407.2,152723.0,94745.41439533056,0.0126191396581063,89.04453890437435,1139.1634954166668,0.12877693639169996
95903.93,221966.0,94581.462710144,0.0167977473881913,114.49967814293925,1126.2738033333335,0.15190221002507093
96436.51,134172.0,94497.70712273449,0.0195233674236678,147.12194240191548,1072.8173879166666,0.14910941897014796
96236.99,88708.0,94469.89064207868,0.0206186257341862,176.9813926671668,1041.1891579166665,0.1544461258501854
96153.85,79394.0,94461.8430833704,0.0214253021139855,201.38599940639688,1012.0393979166666,0.14794792843693905
95997.85,130124.0,94449.24043550291,0.0223435053261604,222.4254462047364,978.6596395833334,0.14842685573917014
95600.03,152154.0,94466.2898172191,0.0224202883961381,229.51678654994527,985.4000575,0.1769673019268863
95616.0,121033.0,94474.45593798548,0.0226221523607404,232.633729427118,977.9890266666667,0.1834791445069494
95870.71,136195.0,94515.77358802177,0.0228693778724418,238.55527009503567,977.1125583333334,0.17232938038299628
96293.61,197397.0,94526.6680504798,0.0241512586310055,253.17619238573545,953.8035966666666,0.18387329226575644
96548.0,231360.0,94454.58300876236,0.0270666020671217,278.19067032588185,960.9170937499999,0.17842453522833596
96876.82,276360.0,94442.49248278484,0.028644683524048,302.8469126891599,993.5282941666668,0.18781011003768544
96768.0,211604.0,94399.6889364486,0.0307345764821281,329.9910746634169,975.75868,0.1894879945363092
96916.66,419225.0,94305.97467078955,0.0346358014332649,368.9424641999453,1008.4155429166667,0.20834978577161944
97685.46,526436.0,94303.93809521577,0.037232182642576,412.690168622138,1098.8041066666667,0.19337745578542181
97700.0,344219.0,94373.13692595884,0.0383010912022897,452.3894154334462,1139.1023879166667,0.20012048807074323
96952.0,388111.0,94532.04768386517,0.0371522532325053,473.4887809112214,1180.3701479166666,0.24765110767960663
96853.82,403856.0,94635.1343481872,0.0365683485220195,484.05859299043,1188.1291345833333,0.24137046643242122
96981.01,131637.0,95198.61404234906,0.0308938545519759,484.4684622879826,1169.9262358333333,0.22668489664190644
97232.0,89358.0,95315.93535902188,0.0299172539611105,476.30108953443374,1150.3785045833333,0.21448807092405336
97111.47,181693.0,95446.10111316126,0.0287475231583295,467.3908806278309,1154.2409295833334,0.21462385733671446
96946.06,195761.0,95630.0129036347,0.0263823729799678,449.5682705409072,1157.1700600000001,0.23022371637115774
96425.21,229534.0,95701.2249090427,0.0254904804149224,417.4084785437168,1175.114215,0.24070237536889272
96394.56,130686.0,95695.4548470328,0.0254832950082972,340.7143024175839,1147.7325083333333,0.2000201834414166
96532.7,90955.0,95739.20458267572,0.0249265413171058,302.3244290160758,1138.8700533333333,0.1926643058528067
96680.17,102932.0,95823.61672923763,0.0238935232600488,272.51205890110816,1143.9166625,0.20144246499972074
96550.25,131794.0,96066.4748724094,0.0202725948936809,213.4543946485604,1167.7495145833334,0.18745772709518027
96699.97,104229.0,96212.0645460417,0.0180704779984361,190.66614929618032,1160.2439154166666,0.18191191099217835
96617.05,112243.0,96273.60504546584,0.0171967116449941,169.25022227873058,1145.9744349999999,0.17647216475009075
96121.0,290896.0,96163.16352452392,0.0189967840945294,139.18062834670482,1134.3558154166667,0.18724591166037818
96092.01,129129.0,96070.57336635308,0.0200550214108262,107.02837146443774,1096.13204,0.17677318876875803
96242.14,117295.0,96036.47122912224,0.020377784099909,79.56311452635443,1042.2892845833333,0.17815293363728896
96404.0,132146.0,95976.55435065246,0.0209449632011573,53.934513496421474,1037.4553433333333,0.17228714774060994
96308.0,154441.0,95985.78620432247,0.0194112638636232,31.59184679112005,952.86521875,0.12342592615716913
96403.2,239271.0,96042.91608178528,0.0170075019920357,15.323963964350996,812.9173545833333,0.12756673178205857
96531.35,197242.0,96098.82200348,0.0150319204558439,7.285603434211466,759.8706120833334,0.13053603504489897
96777.77,93224.0,96093.20446153004,0.0150003310961027,3.3593917823253028,689.1005283333334,0.0806801525645282
96764.5,93416.0,96096.92137656888,0.0147147467745321,5.176118974266728,662.7164433333334,0.07990486307679079
96876.51,67900.0,96111.38823232923,0.0141421242440178,11.335905625271153,639.1354295833333,0.07787733802935781
96824.78,58584.0,96126.56455721532,0.0135444616197847,19.044411028738978,624.1009004166666,0.07800333472024301
96772.35,71793.0,96151.67517297908,0.012538779753832,24.468626111111373,615.998725,0.07936070207327667
96344.0,95899.0,96149.44519110398,0.0119133249779851,22.92127330446558,624.5509083333333,0.08676705002686058
96320.99,111624.0,96181.34819949493,0.0103493351641307,16.10587872407306,604.3263774999999,0.08311284030984151
96260.0,154693.0,96152.52273368492,0.0104122374087022,5.233975217968995,596.7847808333333,0.0645002733625541
96044.21,171501.0,96100.36307373743,0.0112467852806786,-11.355489881633307,587.7810945833334,0.04249681711176051
95693.88,299382.0,95964.47622036476,0.0133984029919308,-35.90442222007299,636.4672254166666,0.04769709789533161
95770.03,134345.0,95943.12367008456,0.0135013999658927,-55.130536609056605,628.05389875,0.08006686883624248
96195.99,96234.0,95936.59275373766,0.0134695555615447,-67.03472255665997,630.0830804166667,0.08301314890548944
96284.51,104284.0,95931.71029314128,0.0129132698810426,-76.87046104960446,648.8913916666667,0.06854611470142796
96284.52,65621.0,95913.43249634728,0.0130203257019365,-84.41850610341805,595.2663395833334,0.05040813265489852
96299.1,67765.0,95908.31048140624,0.0128387675551762,-87.62624520144556,571.08014875,0.050472055291081286
96424.99,240066.0,95900.377156675,0.0130073491802324,-78.57126433982361,612.5490845833334,0.0792081299680642
96853.82,92024.0,95886.9222236358,0.0135019343925068,-62.41079129944981,609.98591375,0.07633641948687664
96535.87,89368.0,95929.12894792484,0.0132410297266241,-45.98226068522366,590.6179604166667,0.03976656811673085
96660.88,200987.0,95958.28863877212,0.014088867459307,9.766458065843263,621.4696245833333,0.05628165686869385
96968.25,181254.0,95950.34645948402,0.0149290732047972,31.56685528340268,628.2226420833334,0.059520131797550335
96960.51,225872.0,95953.04710487006,0.0152422890170612,50.13861436803381,635.9721891666667,0.0648827279164707
97000.0,144044.0,95943.0148832437,0.0156951789049693,68.1509556523888,654.7983383333334,0.06265515173852926
97035.02,105189.0,95928.76195926795,0.0164150898312787,86.49983323243214,658.3204166666666,0.062373613249158355
97095.23,103684.0,95925.25120399892,0.0166487273665056,101.0083996187168,671.8804670833334,0.0631645404301493
96958.48,121658.0,95920.08843020815,0.0168810840216822,113.0770548829838,683.7027045833333,0.06322646776795804
97052.16,106500.0,95863.0947225556,0.0188893799558119,137.49335095877564,709.0884604166666,0.09674996218290344
97384.0,104781.0,95869.06151172322,0.0197433008784675,153.87480511238408,714.3421033333334,0.09029054660596186
97170.5,182927.0,95908.43273398024,0.0196761519130064,163.25024513477416,736.8218433333333,0.10394184815121837
97068.84,330525.0,95953.85907362725,0.0196304117226014,171.3845472614736,760.4932637500001,0.10666823136338266
97416.04890738813,299619.0,96003.56743824788,0.0200905156246991,186.3506980092728,809.9968825000001,0.1168535660427476
97445.87,215414.0,96187.13005290406,0.0179912613251531,199.2815124735275,769.118945,0.11579822342119939
96350.0,292057.0,96211.81317338452,0.0178230650573898,191.2813235802281,810.6099304166668,0.19808880879286744
96077.0,425879.0,96237.3184749789,0.0174201260499873,173.72317935391357,880.9692341666668,0.199229603187993
96349.01,192573.0,96247.03895567406,0.0173255302536375,145.1464742643988,864.98747375,0.20436613875669513
96141.43,176051.0,96237.69011108526,0.0174928675331481,109.55441534106824,885.3693195833333,0.20476564570488487
95749.97,244182.0,96143.2755463518,0.0191002857461726,66.71412994616689,950.12787875,0.20789428115973063
94967.32,355109.0,95558.722219905,0.0283628341506349,-54.896346633388,1028.0804966666667,0.24959793897661658
94820.41,362957.0,95275.32346656483,0.032872033211367,-121.6228180338454,1066.6085154166667,0.26037355705975523
94868.33,274645.0,95055.84505040506,0.0356975666979703,-185.5242507486121,1095.8148779166665,0.2555735764231758
94766.0,204649.0,94837.62844558989,0.0387702586033964,-246.3817567585249,1116.8890941666666,0.2522242540598616
94837.77,343290.0,94745.45734711328,0.0391977149291097,-290.28433572838856,1132.1853916666666,0.27955791491560483
95501.0,408208.0,94722.83523049016,0.0385685533321943,-310.3655845830445,1189.3038229166666,0.30171850881945145
95701.53,529167.0,94722.8481380178,0.0382966287194419,-302.1614543153738,1305.7148495833333,0.3273588865318064
96000.0,484767.0,94691.14240384116,0.0384223453440938,-290.0184848071339,1364.471235,0.3614969652979571
94395.0,584493.0,94454.0131834114,0.0416956458744644,-300.32588344185854,1481.6627466666666,0.45753593107475626
94488.0,353727.0,94391.0140423006,0.0412757055893609,-306.8536471757828,1524.9145329166668,0.5089857426908415
95157.12,241518.0,94352.8240859527,0.0408144881310139,-307.260814189989,1548.5844175,0.5104462916515484
95451.33,241865.0,94305.97508498227,0.0406090777083203,-305.49268831886434,1571.0287254166667,0.5107642612344687
95345.05,235268.0,94287.85775507567,0.0390374484158298,-305.9021776346379,1575.3038983333333,0.49105251274071854
95112.01,147393.0,94269.13302756184,0.0375303437578773,-307.51436494357176,1577.5735000000002,0.49071313737446914
95680.0,185403.0,94312.34219119936,0.0338693367171989,-291.22192284694614,1590.7195645833333,0.49503466491051157
95454.54,159258.0,94443.08179839017,0.0291019350292235,-282.3522518861184,1541.2844516666667,0.48227334573623987
95400.0,141327.0,94593.90139890068,0.0244096274776331,-266.10174348174854,1546.1143608333332,0.4941388422034633
95900.0,92214.0,94643.7083676024,0.0223649894134206,-223.34744398487675,1446.0075424999998,0.44353223633748046
95848.36,74677.0,94652.67755351542,0.0219463811133476,-198.7388098822796,1440.5330770833334,0.4417491437249976
95522.44,152659.0,94652.8230052471,0.0214988890721743,-181.31411521470747,1452.3521354166667,0.4522908258463079
95277.35,281673.0,94641.65624669536,0.0213586691778402,-170.20412643151377,1432.0464954166666,0.449678715402191
95305.95,125077.0,94691.3877662024,0.020736183467275,-163.59754444897249,1359.311045,0.41114151974486496
95158.0,109904.0,94669.5137706584,0.0210471754872283,-164.12650824723696,1336.1520995833332,0.40613873118632776
94641.93,160733.0,94620.89764907284,0.021956766748305,-177.63040632268428,1337.4399908333332,0.4079666242640832
94595.38,234822.0,94601.60920151802,0.0221724204661614,-193.5254539460925,1338.5729054166666,0.41077051387248503
94679.51,186972.0,94576.15436528188,0.0226109006336742,-212.4278282393712,1331.6653854166666,0.41103154460469166
93670.0,426040.0,94245.5518163774,0.0281847133638451,-249.2516438938558,1405.8588362500002,0.4355196581649183
93578.17,621474.0,94232.8625588103,0.0270512744218069,-270.57074609052603,1529.2070216666664,0.5203838423841918
95100.36,552441.0,94340.69037771928,0.0234817231150856,-273.301275529332,1557.1311566666666,0.5071273798728033
94860.0,351169.0,94328.09819741308,0.0229626153570583,-272.7174324073748,1536.9901366666666,0.49150953032543826
94882.83,332551.0,94422.8635010111,0.0218776053412826,-258.04187077872336,1464.4081379166666,0.4109558673255134
95270.2,200133.0,94418.50964410618,0.0219042786119317,-240.24886973660207,1435.7010241666665,0.3684666893979813
94939.77,221124.0,94412.67676419918,0.0217002883650008,-221.72548536804936,1437.9636658333332,0.36700859180192275
97416.04890738813,183592.0,94413.67049535117,0.0220204931524067,-171.413798809141,1485.47407375,0.370928912666778
95644.44,129467.0,94414.74950616936,0.0226176305779628,-137.238959803952,1493.0278970833333,0.3711009555818549
95811.31,173160.0,94414.65018375068,0.0226908450703597,-105.46424580567712,1492.8051179166669,0.36516947845410613
95572.18,204875.0,94414.67457222524,0.0226646683557414,-78.26680486279672,1486.2931695833333,0.36561604271573195
95449.98,283162.0,94406.31380166294,0.0233271222735736,-47.69378426648631,1525.9606945833332,0.37133446370657347
95224.17,279427.0,94410.36845234696,0.0231313831444376,-23.327490245115584,1536.6942308333334,0.3684248975170807
95548.75,84317.0,94416.86506100735,0.0227310755355657,-4.3576795977713445,1539.3434195833333,0.3682893550339485
95717.54,95613.0,94413.81072194452,0.0228248437498534,14.305302803078783,1543.32080875,0.37028584716945795
96016.68,126084.0,94388.43661458833,0.0235238470381803,39.03098226191194,1550.4421683333333,0.3772020966075496
96279.8,194956.0,94355.9462840171,0.0249657784788507,67.12017187716773,1556.4334004166667,0.36303970855620477
96404.54,151240.0,94331.2219159574,0.0263612783035482,96.47592276875338,1543.38424,0.36230348252149575
96524.4,128511.0,94308.74901370764,0.0277985982878874,126.44178456111672,1549.6155783333331,0.36219884325880664
96661.53,170828.0,94307.51959045116,0.0291297295313256,156.97715949747345,1561.2483766666667,0.35716619480140527
96430.0,132688.0,94415.74852048664,0.0285449957072008,181.0643642493609,1542.35736,0.3443565302826092
96172.0,131770.0,94499.58571907636,0.027938962195025,194.30382683767056,1531.8684645833334,0.34901028635024683
95684.67,279197.0,94617.75167379424,0.0265435233614187,196.05850182175723,1539.9702495833335,0.3501241108940574
95352.41,296186.0,95069.5521616805,0.0188802440570169,185.2501622927551,1457.7922787500002,0.2855915367915974
95456.37,464183.0,95144.91047619429,0.0177874837859348,169.2244385034074,1350.1445245833334,0.1431330707082344
95411.47,551132.0,95150.79608270852,0.0177318920127401,149.10373246233874,1299.2064854166667,0.12916373413704513
94587.83,548107.0,95088.71404910868,0.0189761830218601,112.85209169137764,1356.7269716666667,0.16463784619512878
94685.51,389054.0,95061.7221058567,0.0191569827896926,79.28215712057502,1364.4095366666666,0.16304134575387308
95451.0,296126.0,95110.49116229394,0.0185757612516206,57.97666823194015,1389.8360325,0.1761745379226416
96043.65,303470.0,95096.34540642404,0.0201836637513722,62.8710246739106,1446.2914012499998,0.2455137602129726
97416.59,405036.0,94733.41190761968,0.0316294425503746,159.72315245820414,1751.7380329166665,0.40755700759749564
97544.0,196339.0,94645.78660747166,0.0350046729840844,219.49103672685035,1778.0721725,0.41442132983988716
98164.01,215757.0,94559.7639610129,0.0389172892075862,287.4593343694062,1827.1057199999998,0.4125080325522476
98212.53,265860.0,94560.37566654423,0.041181668176679,351.7016228898598,1857.2036933333331,0.41731779841705136
97888.89,331980.0,94551.6809274664,0.0430741005173519,407.5746424246977,1875.9206145833334,0.41302108469637683
97755.09,162115.0,95537.58802393929,0.0916797184540868,-372.6151997894031,3297.966603333333,0.642189765641834
97759.74,173543.0,95403.32694938008,0.0908817467080025,-415.76835946725487,3232.37553625,0.6365171323160845
98013.93,184956.0,95350.608432166,0.0880185793747301,-441.2854503292725,3141.0528329166664,0.6265587106723576
97927.22,241130.0,95296.152207617,0.0854450314772037,-458.9155042351396,3115.327232083333,0.6269375626025058
97812.42,180578.0,95280.52095344754,0.0783502722498389,-470.1425112912706,3086.6941579166664,0.6223508571222094
97512.26,213148.0,95351.6475231286,0.072794380932296,-474.4534274040208,3047.41965,0.6173544460245917
98346.19,502455.0,96067.06085030246,0.0502021608136642,-427.8999227973331,3068.3664979166665,0.6679722567812394
98762.6,353486.0,96399.67053852451,0.0403453590977044,-332.9441706541928,2719.9317291666666,0.5410124241375054
98882.58,473862.0,96481.79305423208,0.0376183214729659,-256.9502842527624,2756.3274729166665,0.6532189525437742
100588.23,500417.0,96298.84469674923,0.0420090815308089,-158.43999183028697,2737.4654033333336,0.6237342803832377
101120.16,250676.0,96090.26463341572,0.0480714334964795,-49.4066340587531,2612.1882975,0.576377025838748
101056.0,245160.0,95941.34088082136,0.0529282745168106,59.343082405215846,2444.1783575,0.5773185640161822
100290.9,190085.0,95914.12301396312,0.0552070722246879,146.31611984774366,2412.9559379166667,0.6107119968862493
100357.68,108523.0,96129.49988520124,0.0540947398073461,216.85302575312733,1843.4104324999998,0.39513807917059546
99053.03,277245.0,96344.20507495616,0.0525387746559417,260.72039767721725,1753.1128279166667,0.4262636806525864
99529.41,169591.0,96476.46736406464,0.0518829259717708,293.4524948507949,1745.8071104166668,0.4228522922281857
99824.62,128049.0,96561.21609170704,0.0519110180604232,313.1876888078854,1645.5013004166667,0.4178496238481551
99868.0,93173.0,96726.73032534204,0.0506093816660541,321.20471630491187,1585.8201812500001,0.4034003874048599
99285.71,119717.0,96872.6491335042,0.0493045146928036,310.6673230036351,1540.872298333333,0.4239399468366006
99025.01,125578.0,97014.74059238896,0.0477060505099796,291.45484594940734,1538.4428654166666,0.4243530325169987
98844.0,114689.0,97152.14796974174,0.0461832195481284,261.74585401024683,1534.1513470833333,0.43057768472076424
99060.12,101446.0,97275.07092192418,0.0446784340652708,229.29509424712,1519.6866554166666,0.43013081717795226
99108.0,119976.0,97400.25454903004,0.0431906654307141,197.40409796824247,1484.78180375,0.4301381218874573
99260.0,103294.0,97502.8128036794,0.0420196681657181,167.23832966569125,1437.9859025000003,0.4291966588026986
99414.75,123133.0,97680.91036930024,0.0397374261350274,143.529660017919,1395.1272133333332,0.4241407314933558
99440.0,81696.0,97844.29299126354,0.0376891425906178,122.43890916659876,1371.7261779166668,0.4258205126769469
99421.53,64691.0,98038.36831425752,0.0350555029594286,105.25944271285904,1350.6893795833334,0.42527400354907724
99304.0,92300.0,98458.73204084788,0.028826212900227,70.4534192054796,1234.9286570833333,0.3829794296105054
99036.01,129266.0,98457.25415791334,0.0288087824012327,55.08157835522272,1138.3238329166666,0.3491347141561995
99336.0,153672.0,98494.9704467653,0.0283412492119796,46.460706848562566,1060.7269833333332,0.3512013281855591
99476.62,118037.0,98565.72615644542,0.0274755386328266,40.2721678941413,1015.5073829166668,0.34738192958531583
99460.37,95215.0,98564.67302759916,0.0264800104973169,36.00687835264519,895.86303,0.15929177094437802
99582.35,116078.0,98660.00260999418,0.0234132329345947,40.92777312945497,787.6796954166667,0.15763395874492253
99920.31,111533.0,98805.7531834876,0.0193766374578696,50.52331710179414,767.9956512499999,0.15653595665446673
99700.0,123941.0,99007.0039370434,0.0140944472294244,77.62987006451917,694.8625970833333,0.1109019247582193
99595.11,67912.0,99050.86370127328,0.0124920717906744,81.24407079937436,682.91196875,0.11353997004531041
99595.11,97835.0,99051.94272365909,0.0125169001707952,83.36284942447142,622.1644125,0.07467182555497137
99632.28,93879.0,99076.39065431216,0.0117647637890213,86.57882272082654,600.1705450000001,0.05130508466174849
99669.01,103022.0,99084.3235281795,0.0114576454766776,88.04218593412496,588.67135875,0.048285686751102064
99750.17,107935.0,99069.97624642536,0.0118904912731455,92.8927005715137,595.6337620833334,0.05522128286063516
99912.0,84943.0,99107.4585117337,0.0116952610698245,96.01661031863011,575.6984195833334,0.01972275718329003
99694.66,90520.0,99123.74505840849,0.011608096426301,94.82290666557302,560.0296050000001,0.020519864786731123
99336.0,83458.0,99218.55547333084,0.0103152995634219,78.09019411335113,522.9399525,0.01203241942962996
99632.61,77148.0,99247.44026985436,0.0099614667455558,68.26494471557272,506.37979125,0.011714616062259847
98964.0,134099.0,99156.26030853987,0.0115077887907558,47.28060842058768,513.4501725,0.05855177992176275
98657.7,193494.0,99031.18701372165,0.0133808203377052,18.762779771490035,527.28504125,0.051467465483319874
98876.0,111068.0,98998.82143793002,0.0137484585854339,-7.198155699771007,516.0410425,0.06381459249633531
99124.01,114187.0,99002.64327276449,0.013677307811374,-22.968720127284406,517.5090054166667,0.08106158609990255
99452.0,165938.0,99025.73498696391,0.0135981498798419,-27.942056659659904,531.8493508333332,0.0811725036931194
99803.8,189784.0,99031.39959166384,0.014298198796709,-18.0645522391772,552.6162416666666,0.09688593044996535
99724.75,138200.0,99051.98870224573,0.0142015344883821,-10.237479242957711,554.5471712499999,0.13382239959213832
99357.16,206021.0,99055.89999256242,0.0142270185023317,-1.1265175660398734,558.3156870833334,0.130320045757022
99733.15,160964.0,99066.881451733,0.0141947485399677,7.05291997683616,564.3530545833333,0.12939704704419497
99628.01,127067.0,99079.4386155144,0.0141878507236873,15.97490083521188,566.9183045833333,0.13011359201480321
99563.83,119953.0,99072.60256484446,0.0139787310638297,20.34307873332581,560.2246633333333,0.11788563748535807
99480.0,114213.0,99071.78620564652,0.0139531859598876,28.60161108280765,556.7343791666666,0.13256227985200925
99800.0,118906.0,99087.83450963962,0.0132448314790157,33.99862689440919,555.1784041666667,0.1342996016695388
99736.06,75250.0,99086.64599599795,0.0133694826638994,40.86270358697274,548.2105620833333,0.12458513014531442
99879.21,85196.0,99091.33603271045,0.0137697428678409,51.27318546414652,552.1816875000001,0.12060695732327431
100088.98,216037.0,98963.71987961144,0.0172258906477326,77.43661812680111,608.87487,0.16767241450569947
99347.98,406177.0,98949.6559736072,0.0174900583644195,88.7402351692607,686.9705304166667,0.28750791957406124
99390.0,239733.0,98928.6549147136,0.0176667517066572,87.89590298619507,705.0056241666666,0.28748691394876463
98432.18,168286.0,98796.65495337556,0.01889946060183,50.74094648351527,794.0147845833334,0.28568018555054714
98767.54,160302.0,98775.18461908375,0.0189923289726143,28.15278105471282,820.6003158333334,0.2911069614968394
99324.0,99163.0,98767.05988647664,0.0190717835898998,7.214585556913972,837.1411037500001,0.2888169139890326
98856.02,151893.0,98703.55420373012,0.0198983080680229,-17.85011560033039,851.53055375,0.2947694083519254
98328.0,342386.0,98698.42744706616,0.0198124799299322,-35.66093827126391,921.1271933333333,0.3096204891780738
98808.0,340412.0,98685.29578678471,0.0201468765506152,-58.6851935497433,953.7074079166667,0.30835373438542574
98406.08,383304.0,98586.43145273316,0.0218528122910056,-91.534955157843,981.7178325,0.3194913973483106
98272.04,280835.0,98510.09258026084,0.0228798053836963,-123.69150826110209,1015.4440195833332,0.31757310993699467
98035.57,291165.0,98284.75327324592,0.026250351206839,-163.43421619406791,1054.3580295833333,0.3222614525633664
97948.01,277397.0,98182.17753919314,0.0270776942870322,-197.2979864165291,1085.2749829166667,0.334396511164241
98237.03,283106.0,98162.5439951721,0.0261816817927083,-218.8227650220776,1104.7131779166668,0.3307598453452352
98856.0,384487.0,98154.52083849968,0.0263980752642652,-212.6034402256844,1175.6634033333332,0.37385698010453544
97365.48,302608.0,97310.9818153754,0.0370086245795526,-322.85962347533564,1521.9384429166666,0.5813629086853511
97000.0,327745.0,97057.54606819864,0.0398978410387038,-366.21512966824287,1579.521281666667,0.5843075327615306
96111.0,583752.0,96653.62461514662,0.0455582427460311,-424.445542717449,1717.4967416666668,0.5993136900876734
97467.8,274187.0,96316.0377845313,0.0401138324274337,-559.1376964525111,2245.9674804166666,0.5467812590622001
96614.27,308699.0,96146.91186614652,0.041960661232847,-563.0346771331297,2262.257331666667,0.5939817691244631
95565.41,643391.0,96036.0464735172,0.0422744292463777,-567.0119041716898,2324.393524583333,0.59850710755879
95900.0,363181.0,95974.57379999278,0.0414401724161747,-567.9434779279168,2345.61673875,0.5937744158048501
96520.49,212854.0,95924.26010916982,0.0403728623168731,-567.0583808534593,2355.04021625,0.593400587239443
96810.85,213062.0,95913.89540178615,0.0390181156005465,-555.4506498722665,2375.0404133333336,0.6026066322918902
96908.0,176051.0,95948.95872501914,0.0363636694577331,-540.7430279243335,2333.1538979166667,0.5917287836680887
96938.19,204794.0,95952.65758005156,0.0349202703767058,-520.6111376254609,2308.8298770833335,0.5826921629622015
97224.79,197265.0,95942.88044264787,0.0342999878759531,-495.2988223527744,2279.2095050000003,0.5768911591963153
97444.42,213598.0,95961.23201340178,0.0326546119890938,-428.3874631697556,2248.9027358333337,0.5628465707022923
96864.04,519714.0,95955.47724569793,0.0317269495489895,-400.4138521857395,2250.5778745833336,0.5621154164941995
97416.04890738813,542358.0,96031.3888648348,0.0289071994898462,-368.4357182255546,2260.648525416667,0.568871468947949
94980.27,569821.0,95156.29641503576,0.0366433992818617,-475.2405308396916,2693.0463816666665,0.6403692913046142
95616.0,507732.0,95173.87621209525,0.0362169986819019,-497.084326372732,2619.54233375,0.6315833984377546
96382.35,493836.0,95172.3152905332,0.0360617201015946,-498.093871024745,2360.97753375,0.62406878678684
96587.43,264151.0,95166.71822695003,0.0360647004887166,-484.99330196666006,2173.93796125,0.6237909504928953
96402.7,293043.0,95140.57908984504,0.0361120214402343,-466.72149305921306,2154.5287220833334,0.62264546868841
95816.36,537619.0,95120.16777593564,0.0353451287626731,-447.9805540166973,2143.47712,0.6102009401102189
95658.24,592515.0,95043.99125259278,0.0352706657761832,-439.446293622198,2167.0647558333335,0.6209424367276251
95677.96,511775.0,95056.58186343488,0.034952758582169,-413.5371918001307,2162.0614529166664,0.6442582550697289
97128.24,337535.0,95057.80649576773,0.0352581009276145,-374.1040119325405,2076.7750804166667,0.6431724946668465
97181.7,260963.0,95054.25811186236,0.0357171179529871,-325.03898628148,2053.4799275,0.6434788395514925
97300.8,232508.0,95055.70219404432,0.0361793039421877,-272.59410652954176,2033.7556354166666,0.6432441726856997
97391.4,190950.0,95049.13840660134,0.036433604803433,-217.0575304813601,2002.919925,0.6361078395132822
97248.87,182342.0,95049.28938963608,0.0366816584653468,-167.66307919023606,1994.7470945833336,0.6378633480187725
97316.78,301301.0,95019.73331160634,0.0376094058138272,-111.95613469955924,2023.5239045833332,0.6548816864318399
97757.44,246907.0,95001.3295623587,0.0384616029921629,-56.71127102645513,2020.46840375,0.6552994874666729
97862.66,181359.0,94974.80144378082,0.0393648634270876,-1.1037699021541556,2013.4430395833333,0.6554658577363952
98137.09,161904.0,94945.80804998672,0.0404067650663315,53.06805382755143,2002.3366816666667,0.6555469847618298
98164.02,179293.0,94924.51937919232,0.0417749644558209,102.47611394899684,1970.1409983333333,0.6446875339698082
98369.82,556809.0,94735.8342787266,0.047286021560358,216.39734750272325,1923.3922695833335,0.6579200992558238
100295.61,555241.0,94572.09478209168,0.0574668261860176,382.9251047947701,1771.6671991666665,0.48684303095010945
99660.15,452276.0,94930.3687877295,0.0551675780665065,458.11670644928313,1642.3556687499997,0.3470287272244959
99608.23,472723.0,95159.56239002316,0.0546315937315425,530.1438337108784,1627.73727625,0.3440758028987217
100388.71,248186.0,95229.99833335144,0.0571817563693695,606.9139849752515,1626.9046845833334,0.3426363803665016
101024.75,348587.0,95260.58906063238,0.0604736352312064,683.6240886879632,1631.877115,0.3359449888807013
100866.42,173600.0,95265.50836181628,0.0640555859899245,758.6827974131237,1595.462885,0.33343235144720157
101180.63,123585.0,95354.24692499753,0.0660886193694232,822.0906190279296,1595.0270025,0.3429187615822365
101068.25,83592.0,95528.22289028997,0.0664378414775782,871.6462595110747,1573.0742879166664,0.33691022760088757
100559.71,220628.0,95794.394682747,0.0649929947908319,902.3106047193952,1543.66183625,0.3436660365068556
100331.61,236593.0,96254.63865981504,0.0599462137448838,913.0642564916178,1518.8448183333333,0.3179272518762695
100496.3,270609.0,96408.1932500241,0.0599270026918648,929.88829244121,1493.1336091666665,0.29443574874084016
100792.0,368461.0,96623.9535183122,0.0591216764251465,934.7699569480524,1509.8436187500001,0.3382290914973705
100572.0,232715.0,96854.51611595532,0.057336794626271,924.1931818255824,1501.7611825000001,0.3491287369866804
100617.64,201236.0,97123.05030019495,0.0546185814429829,901.4685360431226,1521.8444854166667,0.34918592413513533
100402.82,182454.0,97386.84691759232,0.0517903477264774,869.7162068087154,1524.5943141666667,0.3501400364001637
100496.47,118022.0,97760.9322655492,0.0470140474863223,830.6415172695728,1515.4850749999998,0.341221710168049
100470.58,134228.0,98013.49106641952,0.0441569489056671,794.7907531055318,1479.9209016666666,0.32622115795800916
100794.11,122989.0,98327.62746136155,0.0403237621224588,758.3812340715698,1472.6878175,0.327485878999273
100473.14,189757.0,98633.0928751464,0.0363033198737292,718.0582566090739,1466.095645,0.3323956318874219
100178.32,213825.0,98956.41963717864,0.0316551903896993,672.2333512996989,1460.4028141666665,0.3369337744546613
100348.35,188712.0,99387.4045593336,0.0251011132621839,631.3218803217749,1460.72023625,0.3420401578774816
100540.74,540341.0,99759.68556344612,0.0194981178461325,595.5358028328976,1457.9746987500002,0.33439099917324083
100629.41,660480.0,99919.86533319972,0.0179878987704395,576.0856277688627,1472.9082183333333,0.3339951273335153
100700.07,637812.0,99925.09315398916,0.0190435149620938,568.0983394638846,1330.4631545833333,0.3056587602825836
101462.49,722561.0,99945.94684325792,0.0194233650302769,561.0805170285125,1337.4431487499999,0.3112514290979093
101227.27,412487.0,100110.10578160336,0.0176682325376214,556.2348940532593,1285.2672016666666,0.27604967887264437
100831.0,369919.0,100164.66102029846,0.0171069636511219,539.6106939518752,1231.11614875,0.2923415044132695
99311.64,694182.0,99899.53695977973,0.0212988000873651,493.28791196717305,1277.1206020833333,0.3504566316862083
99465.33,559237.0,99793.6849003315,0.0222628411715578,438.376767716419,1256.3833808333331,0.3649703531579181
99700.0,334752.0,99661.21448912309,0.0235081440791807,375.6862044956021,1240.1797766666666,0.36274038811882287
99513.0,276244.0,99630.29102342296,0.0233285009871578,321.4623912071305,1227.85261875,0.3833694786226269
99879.38,178078.0,99549.97545061732,0.0241034319504228,267.63988058719656,1218.00364375,0.39005162062897675
99939.85,180397.0,99491.78329370686,0.0246734033869041,217.539480730838,1198.4906516666667,0.38648642896043633
99210.53,276020.0,99323.39611808094,0.0272690662208069,159.78884765727082,1195.6217754166667,0.40582454998267864
99205.0,274055.0,99233.41007749076,0.0270740575539934,102.4758478106066,1198.5951179166666,0.3231099742893237
99484.98,164100.0,99151.4781964664,0.0275672936258334,52.102499897983,1159.0623766666665,0.30381612205863
99652.0,121589.0,99109.17413995611,0.0277758644319011,12.930243230836751,1144.6381275,0.3039680562720471
99500.0,175189.0,98970.32393096824,0.0288627914184581,-65.73745833159568,1146.7464270833332,0.31533188915579585
99896.0,124159.0,98959.34970350706,0.0284524070493515,-73.92215595994912,1140.8590329166666,0.3046162677049706
99904.43,132961.0,98936.79590623276,0.028357457750927,-78.01631201549245,1136.4702783333335,0.3047143579405321
99913.51,130636.0,98934.08213928126,0.0282094816511092,-73.44854024467234,1132.2758575,0.30920167907595425
100314.19,165572.0,98933.87468634528,0.0282387274153599,-65.18693384874405,1132.8699320833332,0.30740324573719396
99936.25,214229.0,98920.93045058244,0.0275558858270027,-46.18745455964935,1069.322015,0.29576632734871816
100220.92,337312.0,98983.86974047776,0.0255454386372576,-25.2386293466189,1002.6601195833333,0.29177883586854997
99700.0,565812.0,99062.9100550965,0.0226501283208321,-16.459978482610367,1002.3442645833334,0.3461843656315526
99800.0,575702.0,99118.44006982392,0.0209088173967597,2.054747737818353,954.2944837499999,0.4013043177482984
100780.01,421877.0,99095.33235367129,0.0213074528345086,37.66049908008842,976.3460358333333,0.4230156598261153
101293.14,380093.0,99029.2833342222,0.0231838570134398,78.16557607148758,1007.5100825,0.4018877971679335
101205.88,235043.0,99050.3620464514,0.0244030863119317,118.90436749396764,929.1056595833334,0.3127467031146281
101227.97,274444.0,99006.2052558389,0.0265733050254608,160.85568290125815,914.9157366666667,0.30283225379490625
101250.09,151208.0,99043.65861704988,0.0272024062106774,194.99660094912863,912.2260108333334,0.3066774111757136
101090.9,122133.0,99039.1058871884,0.0279576963735124,220.789674005794,895.69492875,0.2874466295098745
101139.88,102712.0,99060.22529799484,0.0286536280755698,242.63768101826344,912.6683012499999,0.27663390011665384
101148.35,122426.0,99089.68950469306,0.0291086032682633,258.3494031202868,911.2613595833333,0.27821410915562933
101301.07,521229.0,99172.0171274763,0.0295577933545309,282.2714332295149,975.0721320833333,0.2704512745948849
101668.45,248042.0,99271.40089327832,0.0297230778811139,307.6445552503984,956.7487545833333,0.2728870509075783
101590.9,162911.0,99435.94950751496,0.0299002773288892,349.2088661892777,955.9113770833333,0.28208657601780524
101632.0,95720.0,99550.55244323149,0.0291364549560542,359.178271862917,956.3138095833333,0.28041702693910026
101690.37,79010.0,99712.45424256362,0.027710579318298,366.6811709204445,960.00729625,0.2770226646182508
101596.43,72396.0,99820.05249445216,0.0270058713508503,370.0999966590546,936.2387212500001,0.2720720272829504
101578.58,66785.0,99919.44909459531,0.0263119720255482,369.60168700997696,926.1476558333334,0.2721890231843767
101478.05,74707.0,100066.39381898988,0.0246741255126171,361.8153937786872,918.9685816666666,0.27431988798307033
101321.0,88108.0,100162.0678057663,0.0236869258170073,349.03348542587685,912.7641954166667,0.2696920677704803
101464.92,62932.0,100287.55357216275,0.0222180797289786,333.52799017453844,893.98831375,0.26848952486418404
101241.26,127470.0,100427.46356111932,0.0203395709491882,311.8046077517156,899.3280404166667,0.2735740832258741
100826.38,233121.0,100577.93877321824,0.0181201348972694,284.5713545957042,924.94523625,0.27484188781785585
101342.71,108532.0,101006.10056752336,0.0113905862869989,237.95519336269416,824.9412391666666,0.17093303262251253
101420.01,146697.0,101089.73028616936,0.0102856036458682,220.9825006881152,760.2757816666667,0.08922451555109329
100860.0,154942.0,101005.26615541326,0.01140706673902,196.2987848597612,727.89457,0.07850528573087467
100831.63,206414.0,100918.828148223,0.0126353765883833,166.16038028360845,686.3935166666666,0.07511566214644627
100872.38,141685.0,100906.23223915134,0.012709560061738,140.46620025292322,663.983055,0.09029578687344247
100609.41,142681.0,100797.68577689875,0.0141730525956314,109.75294715205467,634.7190945833332,0.10757937253811312
100760.0,130683.0,100771.35937722506,0.014461085396295,82.27426221042477,618.0957366666667,0.10697844323380823
100895.53,66548.0,100758.64790723356,0.0146159974167334,58.76114247731572,613.3399641666666,0.10679849436560812
101045.45,73768.0,100758.39855137252,0.0145738470116506,43.656367003413365,591.3209691666667,0.11076816381450849
101237.14,90291.0,100768.40016534385,0.014489554790251,34.87179241880766,584.88770625,0.10961088487742565
101424.01,169708.0,100769.5114310918,0.0143608012803289,41.471032461173294,540.3247166666666,0.09175759973370134
101775.88,109789.0,100781.22668965952,0.0140086223192112,52.43263254680204,541.5518791666667,0.09769934645262729
101733.82,263775.0,100746.9224983752,0.0148744209463888,84.97879069608766,581.5940579166667,0.11436020117891676
101759.8,84868.0,100729.02906909471,0.0155524188184059,123.17420903406884,577.04855375,0.12752580590676854
101534.01,131861.0,100730.24145264552,0.0154575325711777,132.96120861917612,564.2558020833334,0.12714315768594053
101581.07,106043.0,100721.8159361107,0.0157530993626461,142.77274203043976,569.0418891666667,0.132558909730064
101919.6,95630.0,100698.8809536256,0.0167443160155547,155.73558892706916,570.4907883333334,0.13108295123091784
102147.58,85248.0,100681.60735848144,0.01767382299932,169.8889774554408,571.2909029166667,0.13103078085085113
102228.01,92966.0,100628.12225817789,0.0195309391814407,189.9046156365045,587.3622966666667,0.13947829428956404
102533.33,284170.0,100578.51467402256,0.021776996927611,216.5015742977766,658.9230337500001,0.13457351814554835
102473.01,167702.0,100588.60809492192,0.0229239448058586,242.7530093318077,646.2973308333334,0.13549287122516085
102622.99,156248.0,100565.30499327688,0.0245920401291148,270.2044101490773,665.5707554166667,0.1341344958433633
102704.0,124570.0,100566.93253329604,0.0255052757927816,291.72050375596297,678.20450125,0.14084877440429727
102583.65,199728.0,100540.9174612363,0.0270981289382064,314.4734973296389,706.513795,0.14971608763048777
102978.93,117587.0,100607.78499286258,0.0275498156424865,336.6812946442652,693.8186462500001,0.11186489965287832
102984.58,88268.0,100711.26730380394,0.0273973834256307,357.25401593811046,682.2218729166667,0.10953094144398545
103178.47,82686.0,100765.39158432667,0.0279012705982087,375.6901617073694,683.5408283333333,0.10141551424758444
103066.67,76996.0,100950.97758681318,0.0262587308193111,389.2394247788255,679.0987045833333,0.07151628256576442
102634.25,179016.0,101110.4671639368,0.0246762074771024,393.56896085924257,697.1386929166666,0.07830877808377373
102621.5,140376.0,101266.58087275056,0.0232957076587472,397.6688599863982,716.3218754166666,0.08696056766332877
104324.5,665067.0,101065.68826363437,0.0321960745652707,465.8306375965896,1098.0978112916666,0.20246101679188883
104979.39,315847.0,100901.44067880268,0.0379651182141826,525.555822114779,1098.5581550416666,0.18536039515190417
104446.28,314208.0,100960.56773787964,0.0393725861740508,574.2041292856262,1139.8751817083332,0.23639812916686714
104259.48,286032.0,101061.06218873228,0.0397216171726425,612.0022108958275,1179.813338375,0.23470782668963136
104469.89,176590.0,101095.42938529636,0.0408724034912031,641.2804517832717,1132.4095125416668,0.21954379318320927
104482.46,156481.0,101149.13572401975,0.0419928119354883,667.6762170218205,1144.748025875,0.21690631858748938
104956.0,153743.0,101282.74152907566,0.0420896365538887,691.305943238249,1167.8167650416667,0.20104026290087207
104900.0,139665.0,101468.55408042533,0.0412011561855759,707.8797597628308,1179.4910917083334,0.2043169164269173
104505.22,181289.0,101654.44552311568,0.0398340086427656,710.2520886404919,1191.0971292083334,0.22075563302754525
104500.46,197656.0,101816.9469531018,0.0385959211095817,704.2340704965457,1207.9836525416667,0.21962912975019316
104350.01,175314.0,101999.10114293658,0.0370272937963076,691.7994709642774,1233.0941787916665,0.21970303115593048
103625.78,262551.0,102115.29425698104,0.0359910739022405,659.6284302616116,1269.9771712916665,0.26476877408742433
103333.0,365813.0,102189.46423124569,0.0351657807317123,613.6431312889533,1238.6326025416668,0.2629322792064851
103484.51,281981.0,102308.49228727564,0.0336904016210562,564.0318442156355,1252.7773262916667,0.26314281200323064
103879.25,581614.0,102381.78485049275,0.0337656485223885,538.654724733858,1337.645458375,0.36260570562633515
105253.46,771080.0,102440.38410636896,0.0352384177376323,542.0513604908756,1452.1068567083332,0.37541350307705673
106140.0,717643.0,102410.96839487572,0.0385112189950183,569.9338964365351,1540.962626625,0.37670403781652
106693.26,430635.0,102400.0803876637,0.0416698541211654,614.4491168920249,1606.8836362083332,0.37642721018226993
106882.47,422891.0,102440.47758136356,0.0439306874010263,665.6561642485672,1733.3785564583334,0.37688166125026273
105797.41,504363.0,102566.01903102567,0.0443828982608316,708.9509019625799,1850.156191875,0.3921253939127431
105762.56,392756.0,102774.7678491438,0.0428598550093683,731.040089770997,1911.8130927083332,0.41951810519737603
105688.93,218774.0,103066.51850724196,0.0397706723312156,740.9931006371817,1917.9410464583332,0.4137550507325038
105721.39,124002.0,103313.81851944102,0.0371866730896212,737.2713057833149,1912.4477047916664,0.41513124340792645
105480.02,212059.0,103387.46125127508,0.0369658482464623,727.364777944471,1720.9334474999998,0.36843866754508053
105657.34,359524.0,103394.3342431206,0.0372305776353183,709.2180992030177,1581.253351,0.3347150684025572
105744.62,262490.0,103389.11645861274,0.0378080464525945,693.5296404356563,1566.344436,0.3444468646212208
106197.74,153691.0,103460.378473171,0.0378253089623008,676.9187780308919,1528.1940009999998,0.3032518615899073
106240.5,177712.0,103516.79589733022,0.038339230928918,668.5880753001829,1515.893156833333,0.3141814420964582
106412.99,135758.0,103593.84202399588,0.0384439015668613,658.5252289748773,1510.9956835,0.32271486769283336
106448.0,119189.0,103633.0948680488,0.0389910017235548,651.4554327874463,1502.4637943333335,0.32205454479312984
106368.45,138695.0,103679.66743638576,0.0393096284694607,640.8804255856344,1484.63619725,0.3265708578010244
106478.0,172203.0,103742.6043795543,0.0394514924607653,631.28274422109,1509.8327222500002,0.325870067558026
106753.53,197434.0,103848.2502997298,0.0394912246760893,630.948307374864,1535.5579001666667,0.32306506885668923
107130.0,196441.0,103964.52305228668,0.0394030254288594,633.394670489038,1532.4908651666665,0.3249725467817837
106897.44,184606.0,104106.63950953692,0.0387496698223161,634.4747406504941,1524.1317876666665,0.32628758621145276
106708.86,203259.0,104484.912046186,0.0341919797653819,626.7922651336327,1495.278046416667,0.2896148466457997
106534.29,215671.0,104976.41784422717,0.0276188663818914,617.8199995545864,1472.028176,0.288556216339444
106981.06,223299.0,105526.93370785969,0.0199488189196753,609.6926794836028,1452.8026685000002,0.28800017146283513
107056.13,659857.0,105552.21579205176,0.021438169819723,616.4471501747082,1451.6306491666667,0.2147199428270014
106148.0,570506.0,105567.14593264446,0.0217052378265065,584.1363945174123,1417.9655834166667,0.3400136105367008
106713.96,418736.0,105551.44075396928,0.0222420866043696,569.7871936710201,1394.0448400833332,0.34459375644915086
106410.55,376444.0,105535.32351535487,0.0223319170527172,542.0996487618789,1306.3348565,0.3792546953759485
106216.06,378169.0,105527.95493595212,0.0224023419270069,505.055224688959,1225.6998210833333,0.37061552648479973
106156.22,313291.0,105628.73116623088,0.0211819111662729,467.0386177304541,1188.3053198333334,0.3483409338106455
106236.53,183372.0,105671.56182595254,0.0207179410688127,424.2126957834121,1170.057289,0.35119533181425205
105550.0,342337.0,105710.1896171306,0.0202257148927266,320.0145767907889,1211.0390194166669,0.35541501633548295
105620.03,262602.0,105751.25991960413,0.019648565988916,268.2075045243721,1207.39418275,0.35373636202398034
104942.32,441576.0,105564.6021891152,0.0225103328500044,206.7941518855567,1260.0338310833333,0.3646038750801
105016.0,355066.0,105404.59357698254,0.0247966624354814,141.78986102770563,1267.58402525,0.3644482983668737
104581.58,332352.0,105105.6374735973,0.0289614018050101,68.86144667918376,1290.2914348333334,0.356874390051603
103516.98,569845.0,104638.01249016948,0.0361031757483466,-19.662253997766257,1376.5713502500003,0.3795233690842463
103276.0,409448.0,104171.3342738835,0.04260684234867,-117.99535950833317,1421.6739131666666,0.3734625662239525
103137.82,354582.0,103829.2878805801,0.0468941806940251,-213.50355229637768,1472.1394535833333,0.3774485413072299
103729.18,175800.0,103346.7708132609,0.051243795308314,-368.5138568188131,1444.26075525,0.3690369571246365
103804.66,113378.0,103158.14082969508,0.0521407558244022,-429.6251998082771,1448.4717790000002,0.37481204470222945
103984.0,105153.0,103055.67126762334,0.0517249276578765,-470.7419517998409,1438.2560344166668,0.3890947129780273
104500.0,127977.0,103003.13328823354,0.0510681666257691,-488.1640262483172,1441.2709648333332,0.3988133352836149
104687.44,235039.0,102964.9523503206,0.0500886290996865,-490.4369996987001,1459.1983656666669,0.39270607012250075
104532.01,163772.0,102922.21661512638,0.0489028103472675,-487.3932593860485,1463.0792344166666,0.3923312614323839
103855.07,436914.0,102961.38021785655,0.0450178351810742,-489.0106392625024,1453.0479854166667,0.35343974605277
103650.0,485800.0,102904.36788691476,0.0442977487396694,-485.83104518017234,1370.5912229166668,0.25338258744520337
103380.43,398996.0,102886.29730263149,0.0424417612534192,-482.3564580039345,1389.1956375,0.23041852636902893
103876.0,253604.0,103004.31503730486,0.0377317812675463,-470.4955823860421,1368.24455375,0.2325739157317666
104150.01,264061.0,103043.4328861238,0.0355445341831121,-450.4897614356613,1360.4894337500002,0.19864184326656859
102817.82,750973.0,102832.02933229004,0.0373802388414111,-457.1687818618942,1507.7154716666666,0.3625674599050564
99605.98,313869.0,100014.65421552732,0.0675469109845679,-946.9565839816272,2119.4574275,0.5367204280486315
98802.0,677919.0,99731.30769232092,0.0687085411095597,-1023.982569967562,2278.7364591666665,0.5672511801160436
100456.0,388388.0,99559.82771599652,0.0687099248780538,-1074.0825681339004,2313.9253145833336,0.585024218615581
100629.99,155855.0,99320.9971936667,0.0711647328810238,-1110.5522092031456,2240.216936666667,0.57293835703127
100671.62,173808.0,99182.22525290564,0.0715939333160517,-1124.0100390917737,2210.0423145833333,0.589233540776336
101015.44,158148.0,99043.58693311576,0.0722680047209003,-1121.3726252169822,2166.626934166667,0.5861434649053101
101124.46,136868.0,98972.0193763438,0.0712248726010767,-1098.9452987700283,2144.860275416667,0.5865543772308888
101380.1,137730.0,98899.37106088316,0.0708906469432138,-1063.0429803052166,2146.466824583333,0.5831830424045619
101537.56,113454.0,98855.90738789523,0.069795334284358,-1015.3525308762436,2149.31471125,0.5820489403722107
101758.19,167230.0,98879.2667177814,0.0672082731689365,-950.9927749876572,2193.512622083333,0.5866772444701951
102176.38,100004.0,98960.86425838443,0.0634914473871375,-876.7428135926474,2192.6613004166666,0.5768685140287526
101882.09,155152.0,99040.57020046408,0.059820293554848,-805.5586750676695,2177.1152891666666,0.5806635415783978
100694.07,533649.0,99087.56184253447,0.0547985445192399,-692.6399133434992,2229.34884375,0.5982353025498812
99500.0,525281.0,99113.32477587085,0.051326862011843,-664.5107504885574,2328.2421845833337,0.5898623449343625
99830.0,268836.0,99162.77390774376,0.047444220559921,-647.0359878679863,2326.6432758333335,0.5907190383009802
96159.84,398315.0,95986.21318636362,0.082812788504298,-1228.40597177558,2343.8486770833333,0.6260766801611224
96000.0,357506.0,95765.8291885458,0.083737040294725,-1265.6572165061275,2253.175550833333,0.6685100820536802
96969.7,213950.0,95493.67828775686,0.0862889011187936,-1291.4049577502226,2202.01156125,0.6543979677548644
96839.4,205372.0,95270.42144270288,0.087818076687449,-1302.4896415239168,2220.3531175,0.6543039815551919
96672.47,187092.0,95004.15803607318,0.0899071697392783,-1309.9241186362349,2237.20483375,0.6411162678251501
96374.03,291547.0,94836.3203823764,0.0894953566331754,-1302.9675440696974,2276.8383191666667,0.6572480197827106
97276.5,384851.0,94770.93769552172,0.0870704894948871,-1275.5924497522196,2355.025002083333,0.6617768649712377
96840.0,191888.0,93730.91082656872,0.0555831343979974,-1078.4221872555954,2859.622869583334,0.8751258986328254
96422.06,177826.0,93732.67522527606,0.0559658475927533,-983.657539126712,2731.4217341666667,0.8705163020766666
95393.84,147619.0,93729.43571118989,0.055248509384093,-895.4812978147891,2689.4412829166668,0.8444925783561354
96451.03,74621.0,93782.00608144305,0.0529003773031442,-800.6039832881067,2647.2868933333334,0.8383852319402652
97389.38,58952.0,93768.34018749552,0.0532878552052823,-699.2268604805488,2620.1723208333337,0.8198848517201716
97216.32,107349.0,93762.0910189086,0.0538059799871306,-601.9584321159596,2554.12806375,0.8207834347599521
97198.76,132882.0,93777.05214265444,0.054479611303901,-513.6811978074078,2488.60611,0.797315083601241
97188.09,124669.0,93783.45362260376,0.0541240426176894,-433.8777721750961,2400.0991416666666,0.7504415483603464
97244.0,98621.0,93778.45500972934,0.0545018728276231,-361.1209070062209,2377.1156508333333,0.7426522967437879
97378.5,74956.0,93772.442860451,0.0548113936047257,-294.16759994406567,2341.6721208333333,0.7419174311695611
97541.06,141134.0,93708.47039052348,0.057147678588335,-216.07783007127497,2334.5076845833332,0.7621397546979014
98318.6,185812.0,93647.8069766238,0.059576487132287,-134.05415616219506,2338.8657404166665,0.7558589914772855
98500.0,179234.0,93575.94891000768,0.0618551310580033,-48.56150614774175,2318.6386220833333,0.7507973317631191
98438.01,151068.0,93647.25719992087,0.0633370900505985,28.51222417393455,2218.0772,0.5735672907555918
98296.01,135718.0,93836.0298407928,0.062734622256286,94.860778570627,2057.8318570833335,0.5518942995120235
98043.12,158238.0,94151.9838878457,0.0597759702872874,143.85890354494973,1897.2005725,0.5503857513372779
97105.26,257560.0,95580.94086979875,0.0384562963626691,190.7660451197509,1517.0730629166667,0.4345731478304479
96398.39,381592.0,95919.63289554566,0.0332461468879031,185.4364840894233,1448.9398079166665,0.37315608117948235
97069.4,234698.0,96173.53617430844,0.0293540690862686,166.43978771614215,1354.06472125,0.37259337253900165
97070.28,145271.0,96218.00116067805,0.0287666212948336,146.5907654387144,1235.7938483333332,0.29209863032003675
96951.41,208237.0,96283.85762756484,0.0279656917136415,123.14916680414078,1157.2023129166666,0.2912597118430475
97035.58,134710.0,96312.07947048113,0.0276323324827231,103.24263165350057,1118.4566508333332,0.2842335056957181
97287.87,95968.0,96352.9452318623,0.0271963305713083,83.24460963081975,1083.5378283333334,0.2837942637005562
96819.36,153046.0,96368.7539656123,0.0270390061678288,61.95813406302209,1058.6152837500001,0.2842480866666243
97224.83,134934.0,96509.95590727626,0.0249485287270117,43.83625354727923,1038.9466191666668,0.2595853074870693
96539.91,118951.0,96557.56412019752,0.024342387327522,19.53513801758995,1001.3822666666666,0.2777118931601284
96624.0,104265.0,96525.53913802798,0.0246662141992945,-3.333907106791486,997.2510204166666,0.2411775728771996
96900.0,91478.0,96492.470390642,0.0248695709898554,-21.793034723647203,978.4808929166667,0.23521140422608194
97052.0,174251.0,96469.61639384586,0.0251158092242245,-37.0926859086381,956.8603475,0.23115210854977603
96720.0,168792.0,96438.07159985934,0.0255605712412487,-52.60466602371204,936.35327375,0.23165556236616214
96613.18,140657.0,96355.99343621836,0.0267652163828453,-72.74149000682263,930.6824695833334,0.23756044265850812
96549.37,161918.0,96310.34726856812,0.0272070735947224,-90.17810572119576,935.55836,0.24203415229664327
96072.0,152952.0,96108.31872400704,0.0303612825440947,-119.45459028786875,947.5976920833333,0.28410557781549955
95890.28,191687.0,95976.83879540276,0.0308730504941438,-153.0658673310374,945.7049979166667,0.20446601372319456
96112.0,105840.0,95965.74961259762,0.0292045627474024,-177.96909352910458,896.66204,0.23210816547331137
96080.0,109138.0,95953.88555737142,0.0271609746037134,-204.1550381807617,831.95278875,0.2334045955763504
96196.85,127816.0,95971.4404645973,0.0248798347133796,-224.13356587417127,810.2736725,0.23961461341122936
96333.5,128718.0,96051.45194789316,0.0217275744904258,-232.18942834515,814.80034375,0.2532138810007321
96852.0,98789.0,96095.4313334884,0.0198414759226354,-230.7238612973908,798.8789083333335,0.2461462491461226
96988.0,71120.0,96187.59523837424,0.016928110421595,-221.36961291207567,779.9056745833335,0.2454687647613335
96836.36,105529.0,96183.14268064064,0.0169157136537204,-208.87024938629725,724.9188666666665,0.17120193233729336
96850.0,109050.0,96180.1980858132,0.0166617736523155,-194.7639991324968,640.2531345833333,0.167790538112423
95109.13,269983.0,95656.05880867437,0.0245505699093174,-230.99415880349585,718.0224220833334,0.29643010897923033
95457.62,102968.0,95413.54035155238,0.0264605133532509,-285.98524844962617,706.1060145833334,0.29702490949332877
95371.96,150449.0,95358.9116179326,0.0262498062200416,-306.748676389587,731.4758066666667,0.30535532293443673
94700.0,187445.0,95101.49374794592,0.0298506747040895,-339.1152176913138,758.7128820833333,0.3595728757086882
94424.0,154987.0,95034.07264852324,0.0293998918703781,-364.2241647066701,767.3523654166667,0.3901069974081917
95069.03,112281.0,94894.01118182168,0.0309841870679433,-388.8501296711713,768.6537491666667,0.38401817171436586
94250.35,151241.0,94829.48888314924,0.0308276076456164,-405.5030635522812,789.6213425,0.3871912323560532
95024.0,151270.0,94737.17310533,0.0310407473263391,-421.1232359729907,806.4095983333333,0.38879079790006726
94333.33,211845.0,94514.05847740742,0.0335029124138013,-447.00805431219896,836.7531245833334,0.41064494712905525
93771.37,303323.0,94328.52629260648,0.0351077935330682,-476.0071034239929,893.4334416666667,0.4116941129075759
93700.42,320499.0,94201.21447828625,0.0359383047692213,-499.9819661641968,945.4783033333333,0.4152436170642832
94610.76,267997.0,94221.37658775784,0.0341902719355397,-497.65167776735984,980.572705,0.4895194883393558
95644.0,184404.0,94213.59455751147,0.034209422308773,-480.9028557925742,996.1735370833334,0.45914038086856607
95352.21,141318.0,94193.02704927724,0.0342420287347465,-458.4726510615294,1004.4336425,0.46057680853624444
94705.07,200335.0,94111.742693766,0.0345561875773255,-445.1076812017828,1019.0260924999999,0.4664162839810084
94824.83,181807.0,94084.21254235228,0.0342193067352418,-427.87026966723,1026.9658716666668,0.4740818567102563
95036.77,152540.0,94075.74047529545,0.0334616532580561,-406.54088943764816,1031.4947391666667,0.4696107769957378
95493.22,207701.0,94118.72716677011,0.0315843558586531,-374.70391596523945,1036.31856,0.4739793381195672
95962.26,161135.0,94167.99231536125,0.029905001172232,-331.05444866290924,1053.8594495833333,0.4802808856935709
95819.79,145522.0,94251.29226269662,0.0272963992910159,-288.8733289299515,1061.793535,0.4867529727548194
95864.8,117401.0,94322.19427973128,0.0251276822650692,-243.22104795826223,1079.3071875,0.4931118327383986
93700.01,352333.0,94253.98119080804,0.0244118710417913,-218.18013266219324,1160.4283308333333,0.4779910107148532
92928.82,320931.0,93721.72072549848,0.0324208388908067,-286.4402404051476,1280.7629941666667,0.5433405011966304
93206.79,277864.0,93462.4239024809,0.0361829715321995,-334.85412380240206,1312.9948554166667,0.5542432381848874
92690.0,233023.0,93113.38122302314,0.0410732224032578,-396.6208366820715,1325.9388233333332,0.5560793447153225
92702.0,217248.0,92882.07912285246,0.0443139634251606,-458.04816010248,1320.0465108333333,0.5240048937184765
92520.0,255738.0,92685.98648274867,0.0463035269028621,-512.7403069985155,1349.4288133333332,0.4983240041856452
93181.83,243203.0,92612.06930429664,0.0463947018091292,-546.7680134847293,1377.463255,0.5238513731081593
93911.5,152484.0,92613.2236813432,0.0454607401341941,-545.2248336453171,1362.3462320833335,0.578615437689409
94683.81,174942.0,92606.71309715194,0.0454789676603461,-525.176023180522,1374.4368583333332,0.5774728052760778
94131.11,187102.0,92617.0143602993,0.0455608717363965,-498.667151622918,1366.3210166666668,0.5586257603628588
94036.0,157351.0,92591.37798607876,0.0460230769445586,-475.1714996520489,1314.6345466666667,0.565176287713189
93569.02,175959.0,92536.33740664426,0.0465977112959069,-456.297440574696,1283.7476816666665,0.5627282180999573
93810.02,134449.0,92530.77817392908,0.045043596078116,-434.0903762869032,1253.9110916666666,0.5004852975868408
94052.7,114445.0,92527.59965087831,0.0438274800872697,-408.9550970007326,1231.3452820833334,0.5004610893857449
94311.55,86061.0,92529.19632276364,0.0428213920736793,-379.278683132288,1193.5261029166666,0.5016090133616151
93830.47,109895.0,92479.26646242458,0.0433941659915371,-358.40900846775884,1178.9507,0.49673284004132107
93810.45,96149.0,92461.93877722928,0.0425818469997119,-338.323486030902,1166.6044504166666,0.48641477981110487
94125.42,115575.0,92466.75552649904,0.0414725595336378,-314.82195309291114,1167.4746629166668,0.48941804987726073
93952.0,117595.0,92497.28690206424,0.0392883425074209,-296.51843819861114,1148.881075,0.48198798700753126
93840.0,71022.0,92601.55317255831,0.0349630206010277,-283.2882392390924,1125.8019725,0.4732087476626616
93934.69,62277.0,92693.3431684333,0.031506261707978,-266.4797798098148,1121.4064466666666,0.4782290360493144
94075.1,60053.0,92899.6241939716,0.0253950361134756,-249.2064842731456,1103.0016633333332,0.47028497841467726
94289.24,166024.0,92742.17546845874,0.0292083240073829,-203.56931268755903,1122.0668491666668,0.5282074592590265
97546.57,122517.0,91818.03798183629,0.072014762658702,519.2949887130125,1074.0727470833333,0.5225290657846335
97250.0,193356.0,92023.68783909972,0.0715186105909796,599.1580717642122,1051.3250404166668,0.5304834969353394
97277.9,115254.0,92086.20081906958,0.0732036351349238,672.795339155554,1025.6939791666666,0.5464534623006645
98355.43,107086.0,92038.24344093696,0.0769184087095289,743.1858788075954,1014.5200083333333,0.5037321334137497
98492.67,65197.0,92056.25945838908,0.0798361656505384,804.346268216643,986.4260366666666,0.49798440379385184
98393.6,124496.0,92151.04149921512,0.08138423513508,850.7705971323655,976.4086995833335,0.494613347998159
97901.08,122130.0,92341.36831883356,0.0811435190100947,876.6419304974078,977.6763429166666,0.4942067129938947
97725.27,119052.0,92578.06567482074,0.0797379836004898,888.6362806730933,965.76899125,0.4898392495746657
97930.53,110127.0,92791.15808732124,0.0786020320148334,887.6578520185018,953.5594533333333,0.4905148977948344
97875.91,76794.0,93017.10907482456,0.077080256520505,879.871541492023,944.8374241666666,0.49024870493617273
98159.09,59756.0,93241.49397231468,0.0755946596478662,866.9112961184732,938.2876879166666,0.4907116305136691
97844.18,108466.0,93614.85925914985,0.0716468482002298,843.1112610344487,932.5848379166667,0.47330865598221367
97873.49,90484.0,93971.71799751716,0.0674961859007685,815.0331572906367,930.8571758333333,0.4723636487014378
97926.99,67274.0,94319.81614111974,0.0634441584232329,783.6546645949716,920.7090783333333,0.4730400257699933
98007.69,68784.0,94814.79240451,0.056782611715192,751.9781746472178,915.9516266666666,0.4586394900601544
98145.75,278487.0,95432.13815858187,0.0478840121356148,724.3286974626009,953.3819587500001,0.455700328683124
97773.83,193858.0,96049.54112810631,0.0385274213494473,690.2366169449831,976.284935,0.47298674076675434
97632.02,318236.0,96972.17398796335,0.0229129709570989,656.6028961273884,1013.27876625,0.47090599171159025
98131.85,165721.0,97438.71479893416,0.0153820013969273,628.0944894982448,964.7555258333333,0.3466163612108784
98257.32,186096.0,97528.3530609462,0.01457825662487,606.809194583739,877.80112125,0.25791116129686337
98202.43,178672.0,97529.53536784912,0.0147684435614154,586.7523174697463,804.3261974999999,0.22311691793203708
98134.4,170154.0,97529.9227970142,0.0147148698811747,565.6722625809207,735.02408625,0.22149102909785412
98185.21,101756.0,97543.52587377226,0.0142255580213513,546.0850056676725,674.8030191666667,0.21724224263537956
98544.22,98700.0,97535.01305010772,0.0144873573899811,530.1741506840428,636.8162441666667,0.21744118949959917
98734.66,117167.0,97588.40936479643,0.0145802061783369,520.3774975114286,622.99005125,0.1464739787754168
97416.04890738813,109792.0,97721.89253803877,0.0134210838395046,515.7524706031779,593.5652641666667,0.137655242875191
98384.61,173522.0,97724.70888889808,0.0135425660725916,503.2528006658349,596.95527125,0.08330761335882897
98434.78,101269.0,97722.71864244268,0.0135697919322202,490.1886014404991,585.0909316666667,0.0789689409925401
98811.16,142235.0,97642.59931347142,0.0157389805422512,486.20502313036417,603.0902124999999,0.1072278161855802
98955.77,298864.0,97631.72321414032,0.0165358803372618,480.61690471694345,619.6417775,0.11556888254940884
98590.0,224428.0,97666.20493147988,0.0167383254387911,473.6729146007021,629.8367341666667,0.09798940978925463
98468.26,196830.0,97700.44512251658,0.0166194255294058,460.2707686777316,636.5839470833333,0.106285969524274
98576.77,178255.0,97746.35562054018,0.0164637031509008,446.38040791874766,644.42389625,0.10834673305801606
98255.0,157256.0,97752.88651097158,0.0165015036764003,420.8037766404138,656.6298920833333,0.1439522824467705
98076.58,103936.0,97761.58633131036,0.0163931436521595,389.480830490148,672.42624375,0.1442036889355401
98023.1,98828.0,97799.85880106356,0.0158565705597383,351.26111018873854,673.1223283333333,0.13741672452272347
97711.17,143084.0,97734.17198441704,0.0169553609024375,303.5205000073946,689.6028720833333,0.1459830535924414
97416.04890738813,519832.0,97124.77440547866,0.0280884174978851,222.24429738657483,811.6170433333333,0.3317142559864901
95199.14,195275.0,96094.03278147295,0.0448057962401901,2.1653414939956974,824.1291079166667,0.32950403879906015
95469.53,152060.0,95775.12924510136,0.049452999490057,-108.86776452361802,815.8483220833333,0.32474657333110063
95462.57,178049.0,95475.21413444876,0.0535565813746837,-211.88229634990097,783.2257791666667,0.3184733213903817
95288.0,207372.0,95204.21665903022,0.0568049230381183,-303.6092283335139,802.5775329166667,0.31158642997041625
95234.93,410766.0,94917.62552822498,0.0601150768346346,-386.8304996431872,848.6378208333332,0.305563463895505
95270.0,443285.0,94749.87067764388,0.0610876132762663,-450.0070611520672,875.1905420833333,0.3315712857579582
95816.86,316437.0,94651.97257339464,0.0611689004634064,-488.6787949206041,896.4308220833333,0.34742163561129863
95680.0,261365.0,94483.87075953312,0.062732690937975,-519.94185336107,914.2828079166667,0.36197567884257736
95458.66,164373.0,94328.92508874662,0.0634000336995075,-545.026979236954,912.7557208333333,0.3577909943890299
95444.44,159368.0,94248.87733685582,0.0623004177975891,-557.9580621962753,908.41314125,0.36208880139389804
95400.0,189933.0,94140.3386564896,0.0618062636558178,-569.5006898340779,912.0889416666668,0.3659283598404897
95302.0,143387.0,94046.58663671736,0.0612764993498103,-574.7116563005503,900.6019983333334,0.3603093334172465
95625.0,66805.0,93990.15124653632,0.0598488321558085,-574.2227920954633,894.7525945833335,0.3528570561583639
95372.32,130686.0,94019.53919925686,0.0560893380507225,-569.3619795141818,883.0153029166667,0.32655766428080096
95401.03,138149.0,94044.63903492196,0.0527501710969401,-560.6708100244109,862.8087724999999,0.32447706337755916
95575.07,156345.0,94125.94924339389,0.0482593551240299,-546.8026329868477,857.9610629166667,0.32646048595646177
95718.75,191616.0,94221.73924864424,0.0438649019676394,-526.6696317059422,867.0148654166666,0.32866672952477244
95982.51,159863.0,94429.74065809544,0.0371662151299919,-496.97554263207047,866.1907066666666,0.3329038914717856
96001.0,136403.0,94784.3786077806,0.0262839026694105,-429.5662132392061,876.6864441666667,0.31444293046208155
96107.28,122019.0,95027.71912587664,0.0198314188792234,-390.2727837201789,873.2754462499998,0.32234906803359936
94646.03,377862.0,95171.01911732698,0.0148369380461368,-372.6109737935103,952.09051,0.4102655589722228
95104.76,330740.0,95161.954842781,0.0147958020126126,-358.70411780967765,872.9586879166667,0.2823027310827701
95674.0,458878.0,95154.77145704758,0.0159331881282548,-330.30836360156883,925.50556125,0.32664596743400304
96195.2,240361.0,95176.37128656404,0.0164674000848946,-296.2579928043064,921.1525958333333,0.3290790731864032
96377.77,165588.0,95147.05518359011,0.0180932859288212,-254.2382567045144,906.5592983333332,0.3323664029092251
96617.64,178842.0,95162.8619140557,0.0186831219226549,-213.08473192186293,910.3455008333332,0.33701516044827234
96229.66,243289.0,95195.36404412656,0.0186710172578045,-178.59325716836912,905.0081225,0.34188893698326833
95161.17,410837.0,95229.59948727796,0.0183064802544504,-161.1018380734046,899.1941862500001,0.36429540675344124
94011.11,637256.0,94975.36072651598,0.0226049357984436,-172.65633603190264,996.4828404166668,0.402062098790456
94101.02,406654.0,94659.93161659667,0.0273194654726459,-207.923716954786,1022.1771625000001,0.39324605232268134
93500.01,342430.0,94435.9028769218,0.0306801643363673,-253.7308342583544,1086.3219433333334,0.3780612491783773
94212.3,190075.0,94294.4181147506,0.0325457897244759,-298.7808301316033,1095.7179916666666,0.38323794350449986
94252.0,163745.0,94183.53638966242,0.0336338053193511,-337.3790445152697,1095.9323925,0.3780299620880267
94313.82,161124.0,94073.3846321498,0.0351381325938926,-371.72377084201423,1100.5855245833334,0.3685629636543882
94379.35,119122.0,93951.62076703543,0.036603280970662,-401.74482379665415,1092.2475441666666,0.36510361356318816
94200.0,98780.0,93825.56507912568,0.0380857038110502,-427.9755651408527,1097.8056495833332,0.36496667116340903
94243.32,155242.0,93577.60580387834,0.0408050783749078,-469.9721527342473,1096.2003991666668,0.3662903395670533
94276.01,87638.0,93390.667803107,0.0420597768356267,-487.4727275556671,1053.1407983333334,0.36589531380005397
94335.88,75817.0,93340.88355717526,0.041392215349108,-487.1062742386,1037.8144266666666,0.36294970288940526
94511.71,54946.0,93289.75220169002,0.0409393973659596,-482.0478154089053,1008.3298708333333,0.36286040076637865
94523.99,72754.0,93256.3528785299,0.0401806185188307,-471.5933798765344,992.5827420833334,0.36428046934304953
94405.28,95786.0,93247.1913045415,0.0385653585476045,-459.7691780629814,989.0352279166668,0.35570491944333976
94312.67,67297.0,93155.61187513976,0.038767471658261,-434.1864662541573,835.3449879166666,0.22295924589887944
94488.01,62343.0,93218.1563183206,0.0354786615510632,-417.1962067945961,749.3413366666667,0.13836199778470432
94502.21,82217.0,93292.23871547452,0.0321526145696161,-397.6685862485691,730.3606862500001,0.13892414904026706
94600.0,87534.0,93489.6016656252,0.0260084367423055,-374.51660647184246,724.0987612500002,0.12838880545356335
94677.65,49996.0,93718.70351271411,0.0194430565976568,-350.1783022277691,703.6597725000001,0.12607007238997525
